artist,album,rank,year,reviewer_url,most_common_year
Ratking,So It Goes,200,2014.0,https://pitchfork.com/features/lists-and-guides/the-200-best-albums-of-the-2010s/,2014.0
Wu Lyf,Go Tell Fire to the Mountain,199,2011.0,https://pitchfork.com/features/lists-and-guides/the-200-best-albums-of-the-2010s/,2011.0
Jean Grae / Quelle Chris,Everything’s Fine,198,2018.0,https://pitchfork.com/features/lists-and-guides/the-200-best-albums-of-the-2010s/,2018.0
Fatima Al Qadiri,Genre-Specific Xperience,197,2011.0,https://pitchfork.com/features/lists-and-guides/the-200-best-albums-of-the-2010s/,2011.0
Portal,Vexovoid,196,2013.0,https://pitchfork.com/features/lists-and-guides/the-200-best-albums-of-the-2010s/,2013.0
Downtown Boys,Full Communism,195,2015.0,https://pitchfork.com/features/lists-and-guides/the-200-best-albums-of-the-2010s/,2015.0
Titus Andronicus,The Monitor,194,2010.0,https://pitchfork.com/features/lists-and-guides/the-200-best-albums-of-the-2010s/,2010.0
Lil Peep,Hellboy,193,2016.0,https://pitchfork.com/features/lists-and-guides/the-200-best-albums-of-the-2010s/,2016.0
Kelela,Cut 4 Me,192,2013.0,https://pitchfork.com/features/lists-and-guides/the-200-best-albums-of-the-2010s/,2013.0
Kate Bush,50 Words for Snow,191,2011.0,https://pitchfork.com/features/lists-and-guides/the-200-best-albums-of-the-2010s/,2011.0
Huerco S.,For Those of You Who Have Never (and Also Those Who Have),190,2016.0,https://pitchfork.com/features/lists-and-guides/the-200-best-albums-of-the-2010s/,2016.0
Miranda Lambert,The Weight of These Wings,189,2016.0,https://pitchfork.com/features/lists-and-guides/the-200-best-albums-of-the-2010s/,2016.0
Pusha-T,Daytona,188,2018.0,https://pitchfork.com/features/lists-and-guides/the-200-best-albums-of-the-2010s/,2018.0
Iceage,Beyondless,187,2018.0,https://pitchfork.com/features/lists-and-guides/the-200-best-albums-of-the-2010s/,2018.0
Various Artists,Mono No Aware,186,2017.0,https://pitchfork.com/features/lists-and-guides/the-200-best-albums-of-the-2010s/,2017.0
Hailu Mergia,Lala Belu,185,2018.0,https://pitchfork.com/features/lists-and-guides/the-200-best-albums-of-the-2010s/,2018.0
Soccer Mommy,Clean,184,2018.0,https://pitchfork.com/features/lists-and-guides/the-200-best-albums-of-the-2010s/,2018.0
Elysia Crampton,American Drift,183,2015.0,https://pitchfork.com/features/lists-and-guides/the-200-best-albums-of-the-2010s/,2015.0
G.L.O.S.S.,Trans Day of Revenge,182,2016.0,https://pitchfork.com/features/lists-and-guides/the-200-best-albums-of-the-2010s/,2016.0
Jamila Woods,LEGACY! LEGACY!,181,2019.0,https://pitchfork.com/features/lists-and-guides/the-200-best-albums-of-the-2010s/,2019.0
Chvrches,The Bones of What You Believe,180,2013.0,https://pitchfork.com/features/lists-and-guides/the-200-best-albums-of-the-2010s/,2013.0
Shabazz Palaces,Black Up,179,2011.0,https://pitchfork.com/features/lists-and-guides/the-200-best-albums-of-the-2010s/,2011.0
Savages,Silence Yourself,178,2013.0,https://pitchfork.com/features/lists-and-guides/the-200-best-albums-of-the-2010s/,2013.0
Margo Price,All American Made,177,2017.0,https://pitchfork.com/features/lists-and-guides/the-200-best-albums-of-the-2010s/,2017.0
Gil Scott-Heron,I’m New Here,176,2010.0,https://pitchfork.com/features/lists-and-guides/the-200-best-albums-of-the-2010s/,2010.0
Jessie Ware,Devotion,175,2012.0,https://pitchfork.com/features/lists-and-guides/the-200-best-albums-of-the-2010s/,2012.0
Sharon Van Etten,Are We There,174,2014.0,https://pitchfork.com/features/lists-and-guides/the-200-best-albums-of-the-2010s/,2014.0
Hurray for the Riff Raff,Small Town Heroes,173,2014.0,https://pitchfork.com/features/lists-and-guides/the-200-best-albums-of-the-2010s/,2014.0
Popcaan,Where We Come From,172,2014.0,https://pitchfork.com/features/lists-and-guides/the-200-best-albums-of-the-2010s/,2014.0
JPEGMAFIA,Veteran,171,2018.0,https://pitchfork.com/features/lists-and-guides/the-200-best-albums-of-the-2010s/,2018.0
Skee Mask,Compro,170,2018.0,https://pitchfork.com/features/lists-and-guides/the-200-best-albums-of-the-2010s/,2018.0
Paramore,After Laughter,169,2017.0,https://pitchfork.com/features/lists-and-guides/the-200-best-albums-of-the-2010s/,2017.0
Julianna Barwick,The Magic Place,168,2011.0,https://pitchfork.com/features/lists-and-guides/the-200-best-albums-of-the-2010s/,2011.0
(Sandy) Alex G,DSU,167,2014.0,https://pitchfork.com/features/lists-and-guides/the-200-best-albums-of-the-2010s/,2014.0
Nicki Minaj,The Pinkprint,166,2014.0,https://pitchfork.com/features/lists-and-guides/the-200-best-albums-of-the-2010s/,2014.0
Jay Som,Everybody Works,165,2017.0,https://pitchfork.com/features/lists-and-guides/the-200-best-albums-of-the-2010s/,2017.0
Hop Along,Painted Shut,164,2015.0,https://pitchfork.com/features/lists-and-guides/the-200-best-albums-of-the-2010s/,2015.0
Meek Mill,Dreamchasers 2,163,2012.0,https://pitchfork.com/features/lists-and-guides/the-200-best-albums-of-the-2010s/,2012.0
Sturgill Simpson,Metamodern Sounds in Country Music,162,2014.0,https://pitchfork.com/features/lists-and-guides/the-200-best-albums-of-the-2010s/,2014.0
The 1975,I like it when you sleep…,161,2016.0,https://pitchfork.com/features/lists-and-guides/the-200-best-albums-of-the-2010s/,2016.0
Noname,Room 25,160,2018.0,https://pitchfork.com/features/lists-and-guides/the-200-best-albums-of-the-2010s/,2018.0
Pallbearer,Foundations of Burden,159,2014.0,https://pitchfork.com/features/lists-and-guides/the-200-best-albums-of-the-2010s/,2014.0
Sleigh Bells,Treats,158,2010.0,https://pitchfork.com/features/lists-and-guides/the-200-best-albums-of-the-2010s/,2010.0
The 1975,A Brief Inquiry Into Online Relationships,157,2018.0,https://pitchfork.com/features/lists-and-guides/the-200-best-albums-of-the-2010s/,2018.0
Jenny Lewis,The Voyager,156,2014.0,https://pitchfork.com/features/lists-and-guides/the-200-best-albums-of-the-2010s/,2014.0
21 Savage / Metro Boomin,Savage Mode,155,2016.0,https://pitchfork.com/features/lists-and-guides/the-200-best-albums-of-the-2010s/,2016.0
Mica Levi,Under the Skin OST,154,2014.0,https://pitchfork.com/features/lists-and-guides/the-200-best-albums-of-the-2010s/,2014.0
Purple Mountains,Purple Mountains,153,2019.0,https://pitchfork.com/features/lists-and-guides/the-200-best-albums-of-the-2010s/,2019.0
Arctic Monkeys,AM,152,2013.0,https://pitchfork.com/features/lists-and-guides/the-200-best-albums-of-the-2010s/,2013.0
Lady Gaga,The Fame Monster,151,2009.0,https://pitchfork.com/features/lists-and-guides/the-200-best-albums-of-the-2010s/,2009.0
Playboi Carti,Playboi Carti,150,2017.0,https://pitchfork.com/features/lists-and-guides/the-200-best-albums-of-the-2010s/,2017.0
Mac DeMarco,2,149,2012.0,https://pitchfork.com/features/lists-and-guides/the-200-best-albums-of-the-2010s/,2012.0
Nicolas Jaar,Space Is Only Noise,148,2011.0,https://pitchfork.com/features/lists-and-guides/the-200-best-albums-of-the-2010s/,2011.0
The National,High Violet,147,2010.0,https://pitchfork.com/features/lists-and-guides/the-200-best-albums-of-the-2010s/,2010.0
Sheer Mag,Compilation,146,2017.0,https://pitchfork.com/features/lists-and-guides/the-200-best-albums-of-the-2010s/,2017.0
Chief Keef,Finally Rich,145,2012.0,https://pitchfork.com/features/lists-and-guides/the-200-best-albums-of-the-2010s/,2012.0
PJ Harvey,Let England Shake,144,2011.0,https://pitchfork.com/features/lists-and-guides/the-200-best-albums-of-the-2010s/,2011.0
Weyes Blood,Titanic Rising,143,2019.0,https://pitchfork.com/features/lists-and-guides/the-200-best-albums-of-the-2010s/,2019.0
Fennesz,Agora,142,2019.0,https://pitchfork.com/features/lists-and-guides/the-200-best-albums-of-the-2010s/,2019.0
Rick Ross,Rich Forever,141,2012.0,https://pitchfork.com/features/lists-and-guides/the-200-best-albums-of-the-2010s/,2012.0
Parquet Courts,Sunbathing Animal,140,2014.0,https://pitchfork.com/features/lists-and-guides/the-200-best-albums-of-the-2010s/,2014.0
Emeralds,Does It Look Like I’m Here?,139,2010.0,https://pitchfork.com/features/lists-and-guides/the-200-best-albums-of-the-2010s/,2010.0
Alabama Shakes,Sound & Color,138,2015.0,https://pitchfork.com/features/lists-and-guides/the-200-best-albums-of-the-2010s/,2015.0
A$AP Rocky,LIVE.LOVE.A$AP,137,2011.0,https://pitchfork.com/features/lists-and-guides/the-200-best-albums-of-the-2010s/,2011.0
Tim Hecker,"Ravedeath, 1972",136,2011.0,https://pitchfork.com/features/lists-and-guides/the-200-best-albums-of-the-2010s/,2011.0
Fleet Foxes,Helplessness Blues,135,2011.0,https://pitchfork.com/features/lists-and-guides/the-200-best-albums-of-the-2010s/,2011.0
M83,"Hurry Up, We’re Dreaming",134,2011.0,https://pitchfork.com/features/lists-and-guides/the-200-best-albums-of-the-2010s/,2011.0
Frankie Cosmos,Zentropy,133,2014.0,https://pitchfork.com/features/lists-and-guides/the-200-best-albums-of-the-2010s/,2014.0
Amen Dunes,Freedom,132,2018.0,https://pitchfork.com/features/lists-and-guides/the-200-best-albums-of-the-2010s/,2018.0
Run the Jewels,Run the Jewels 2,131,2014.0,https://pitchfork.com/features/lists-and-guides/the-200-best-albums-of-the-2010s/,2014.0
Tame Impala,Lonerism,130,2012.0,https://pitchfork.com/features/lists-and-guides/the-200-best-albums-of-the-2010s/,2012.0
Various Artists,Bangs and Works Vol. 1: A Chicago Footwork Compilation,129,2010.0,https://pitchfork.com/features/lists-and-guides/the-200-best-albums-of-the-2010s/,2010.0
Radiohead,A Moon Shaped Pool,128,2016.0,https://pitchfork.com/features/lists-and-guides/the-200-best-albums-of-the-2010s/,2016.0
Car Seat Headrest,Teens of Denial,127,2016.0,https://pitchfork.com/features/lists-and-guides/the-200-best-albums-of-the-2010s/,2016.0
Panda Bear,Tomboy,126,2011.0,https://pitchfork.com/features/lists-and-guides/the-200-best-albums-of-the-2010s/,2011.0
Yves Tumor,Safe in the Hands of Love,125,2018.0,https://pitchfork.com/features/lists-and-guides/the-200-best-albums-of-the-2010s/,2018.0
Real Estate,Days,124,2011.0,https://pitchfork.com/features/lists-and-guides/the-200-best-albums-of-the-2010s/,2011.0
Deafheaven,Sunbather,123,2013.0,https://pitchfork.com/features/lists-and-guides/the-200-best-albums-of-the-2010s/,2013.0
Snail Mail,Lush,122,2018.0,https://pitchfork.com/features/lists-and-guides/the-200-best-albums-of-the-2010s/,2018.0
The Hotelier,"Home, Like Noplace Is There",121,2014.0,https://pitchfork.com/features/lists-and-guides/the-200-best-albums-of-the-2010s/,2014.0
"Tyler, the Creator",Flower Boy,120,2017.0,https://pitchfork.com/features/lists-and-guides/the-200-best-albums-of-the-2010s/,2017.0
Girlpool,Before the World Was Big,119,2015.0,https://pitchfork.com/features/lists-and-guides/the-200-best-albums-of-the-2010s/,2015.0
Leonard Cohen,You Want It Darker,118,2016.0,https://pitchfork.com/features/lists-and-guides/the-200-best-albums-of-the-2010s/,2016.0
Death Grips,The Money Store,117,2012.0,https://pitchfork.com/features/lists-and-guides/the-200-best-albums-of-the-2010s/,2012.0
Janelle Monáe,The ArchAndroid,116,2010.0,https://pitchfork.com/features/lists-and-guides/the-200-best-albums-of-the-2010s/,2010.0
U.S. Girls,In a Poem Unlimited,115,2018.0,https://pitchfork.com/features/lists-and-guides/the-200-best-albums-of-the-2010s/,2018.0
Sampha,Process,114,2017.0,https://pitchfork.com/features/lists-and-guides/the-200-best-albums-of-the-2010s/,2017.0
Japandroids,Celebration Rock,113,2012.0,https://pitchfork.com/features/lists-and-guides/the-200-best-albums-of-the-2010s/,2012.0
Daft Punk,Random Access Memories,112,2013.0,https://pitchfork.com/features/lists-and-guides/the-200-best-albums-of-the-2010s/,2013.0
EMA,Past Life Martyred Saints,111,2011.0,https://pitchfork.com/features/lists-and-guides/the-200-best-albums-of-the-2010s/,2011.0
Waka Flocka Flame,Flockaveli,110,2010.0,https://pitchfork.com/features/lists-and-guides/the-200-best-albums-of-the-2010s/,2010.0
Julia Holter,Aviary,109,2018.0,https://pitchfork.com/features/lists-and-guides/the-200-best-albums-of-the-2010s/,2018.0
Kaytranada,99.9%,108,2016.0,https://pitchfork.com/features/lists-and-guides/the-200-best-albums-of-the-2010s/,2016.0
Dirty Projectors,Swing Lo Magellan,107,2012.0,https://pitchfork.com/features/lists-and-guides/the-200-best-albums-of-the-2010s/,2012.0
Moses Sumney,Aromanticism,106,2017.0,https://pitchfork.com/features/lists-and-guides/the-200-best-albums-of-the-2010s/,2017.0
Disclosure,Settle,105,2013.0,https://pitchfork.com/features/lists-and-guides/the-200-best-albums-of-the-2010s/,2013.0
Waxahatchee,Cerulean Salt,104,2013.0,https://pitchfork.com/features/lists-and-guides/the-200-best-albums-of-the-2010s/,2013.0
Helado Negro,This Is How You Smile,103,2019.0,https://pitchfork.com/features/lists-and-guides/the-200-best-albums-of-the-2010s/,2019.0
Jeremih,Late Nights: The Album,102,2015.0,https://pitchfork.com/features/lists-and-guides/the-200-best-albums-of-the-2010s/,2015.0
Chromatics,Kill for Love,101,2012.0,https://pitchfork.com/features/lists-and-guides/the-200-best-albums-of-the-2010s/,2012.0
Ariana Grande,Sweetener,100,2018.0,https://pitchfork.com/features/lists-and-guides/the-200-best-albums-of-the-2010s/,2018.0
Bad Bunny,X 100PRE,99,2018.0,https://pitchfork.com/features/lists-and-guides/the-200-best-albums-of-the-2010s/,2018.0
Todd Terje,It’s Album Time,98,2014.0,https://pitchfork.com/features/lists-and-guides/the-200-best-albums-of-the-2010s/,2014.0
The War on Drugs,Lost in the Dream,97,2014.0,https://pitchfork.com/features/lists-and-guides/the-200-best-albums-of-the-2010s/,2014.0
Low,Double Negative,96,2018.0,https://pitchfork.com/features/lists-and-guides/the-200-best-albums-of-the-2010s/,2018.0
Jai Paul,Leak 04-13 (Bait Ones),95,2019.0,https://pitchfork.com/features/lists-and-guides/the-200-best-albums-of-the-2010s/,2019.0
Vampire Weekend,Contra,94,2010.0,https://pitchfork.com/features/lists-and-guides/the-200-best-albums-of-the-2010s/,2010.0
Tirzah,Devotion,93,2018.0,https://pitchfork.com/features/lists-and-guides/the-200-best-albums-of-the-2010s/,2018.0
JAY-Z / Kanye West,Watch the Throne,92,2011.0,https://pitchfork.com/features/lists-and-guides/the-200-best-albums-of-the-2010s/,2011.0
Bon Iver,"22, A Million",91,2016.0,https://pitchfork.com/features/lists-and-guides/the-200-best-albums-of-the-2010s/,2016.0
Joyce Manor,Never Hungover Again,90,2014.0,https://pitchfork.com/features/lists-and-guides/the-200-best-albums-of-the-2010s/,2014.0
Caribou,Our Love,89,2014.0,https://pitchfork.com/features/lists-and-guides/the-200-best-albums-of-the-2010s/,2014.0
Jenny Hval,"Apocalypse, girl",88,2015.0,https://pitchfork.com/features/lists-and-guides/the-200-best-albums-of-the-2010s/,2015.0
Rae Sremmurd,SremmLife,87,2015.0,https://pitchfork.com/features/lists-and-guides/the-200-best-albums-of-the-2010s/,2015.0
Haim,Days Are Gone,86,2013.0,https://pitchfork.com/features/lists-and-guides/the-200-best-albums-of-the-2010s/,2013.0
Jessica Pratt,On Your Own Love Again,85,2015.0,https://pitchfork.com/features/lists-and-guides/the-200-best-albums-of-the-2010s/,2015.0
Chance the Rapper,Acid Rap,84,2013.0,https://pitchfork.com/features/lists-and-guides/the-200-best-albums-of-the-2010s/,2013.0
Burial,Rival Dealer,83,2013.0,https://pitchfork.com/features/lists-and-guides/the-200-best-albums-of-the-2010s/,2013.0
Girls,"Father, Son, Holy Ghost",82,2011.0,https://pitchfork.com/features/lists-and-guides/the-200-best-albums-of-the-2010s/,2011.0
Solange,When I Get Home,81,2019.0,https://pitchfork.com/features/lists-and-guides/the-200-best-albums-of-the-2010s/,2019.0
Aphex Twin,Syro,80,2014.0,https://pitchfork.com/features/lists-and-guides/the-200-best-albums-of-the-2010s/,2014.0
Tame Impala,Currents,79,2015.0,https://pitchfork.com/features/lists-and-guides/the-200-best-albums-of-the-2010s/,2015.0
Kurt Vile,Smoke Ring for My Halo,78,2011.0,https://pitchfork.com/features/lists-and-guides/the-200-best-albums-of-the-2010s/,2011.0
Four Tet,There Is Love in You,77,2010.0,https://pitchfork.com/features/lists-and-guides/the-200-best-albums-of-the-2010s/,2010.0
Arcade Fire,The Suburbs,76,2010.0,https://pitchfork.com/features/lists-and-guides/the-200-best-albums-of-the-2010s/,2010.0
The Weeknd,House of Balloons,75,2011.0,https://pitchfork.com/features/lists-and-guides/the-200-best-albums-of-the-2010s/,2011.0
SOPHIE,OIL OF EVERY PEARL’s UN-INSIDES,74,2018.0,https://pitchfork.com/features/lists-and-guides/the-200-best-albums-of-the-2010s/,2018.0
Cardi B,Invasion of Privacy,73,2018.0,https://pitchfork.com/features/lists-and-guides/the-200-best-albums-of-the-2010s/,2018.0
Father John Misty,"I Love You, Honeybear",72,2015.0,https://pitchfork.com/features/lists-and-guides/the-200-best-albums-of-the-2010s/,2015.0
Robyn,Honey,71,2018.0,https://pitchfork.com/features/lists-and-guides/the-200-best-albums-of-the-2010s/,2018.0
Perfume Genius,No Shape,70,2017.0,https://pitchfork.com/features/lists-and-guides/the-200-best-albums-of-the-2010s/,2017.0
Drake,"If You’re Reading This, It’s Too Late",69,2015.0,https://pitchfork.com/features/lists-and-guides/the-200-best-albums-of-the-2010s/,2015.0
Flying Lotus,Cosmogramma,68,2010.0,https://pitchfork.com/features/lists-and-guides/the-200-best-albums-of-the-2010s/,2010.0
Courtney Barnett,"Sometimes I Sit and Think, and Sometimes I Just Sit",67,2015.0,https://pitchfork.com/features/lists-and-guides/the-200-best-albums-of-the-2010s/,2015.0
Fever Ray,Plunge,66,2017.0,https://pitchfork.com/features/lists-and-guides/the-200-best-albums-of-the-2010s/,2017.0
Future,Dirty Sprite 2,65,2015.0,https://pitchfork.com/features/lists-and-guides/the-200-best-albums-of-the-2010s/,2015.0
Mitski,Be the Cowboy,64,2018.0,https://pitchfork.com/features/lists-and-guides/the-200-best-albums-of-the-2010s/,2018.0
Danny Brown,XXX,63,2011.0,https://pitchfork.com/features/lists-and-guides/the-200-best-albums-of-the-2010s/,2011.0
Grouper,Ruins,62,2014.0,https://pitchfork.com/features/lists-and-guides/the-200-best-albums-of-the-2010s/,2014.0
Arca,Arca,61,2017.0,https://pitchfork.com/features/lists-and-guides/the-200-best-albums-of-the-2010s/,2017.0
King Krule,The OOZ,60,2017.0,https://pitchfork.com/features/lists-and-guides/the-200-best-albums-of-the-2010s/,2017.0
Taylor Swift,Red,59,2012.0,https://pitchfork.com/features/lists-and-guides/the-200-best-albums-of-the-2010s/,2012.0
Kamasi Washington,The Epic,58,2015.0,https://pitchfork.com/features/lists-and-guides/the-200-best-albums-of-the-2010s/,2015.0
Kendrick Lamar,DAMN.,57,2017.0,https://pitchfork.com/features/lists-and-guides/the-200-best-albums-of-the-2010s/,2017.0
Björk,Vulnicura,56,2015.0,https://pitchfork.com/features/lists-and-guides/the-200-best-albums-of-the-2010s/,2015.0
St. Vincent,Strange Mercy,55,2011.0,https://pitchfork.com/features/lists-and-guides/the-200-best-albums-of-the-2010s/,2011.0
Young Thug,Barter 6,54,2015.0,https://pitchfork.com/features/lists-and-guides/the-200-best-albums-of-the-2010s/,2015.0
Jlin,Black Origami,53,2017.0,https://pitchfork.com/features/lists-and-guides/the-200-best-albums-of-the-2010s/,2017.0
LCD Soundsystem,This Is Happening,52,2010.0,https://pitchfork.com/features/lists-and-guides/the-200-best-albums-of-the-2010s/,2010.0
DJ Koze,Knock Knock,51,2018.0,https://pitchfork.com/features/lists-and-guides/the-200-best-albums-of-the-2010s/,2018.0
Grimes,Visions,50,2012.0,https://pitchfork.com/features/lists-and-guides/the-200-best-albums-of-the-2010s/,2012.0
Oneohtrix Point Never,Replica,49,2011.0,https://pitchfork.com/features/lists-and-guides/the-200-best-albums-of-the-2010s/,2011.0
ANOHNI,Hopelessness,48,2016.0,https://pitchfork.com/features/lists-and-guides/the-200-best-albums-of-the-2010s/,2016.0
Carly Rae Jepsen,E•MO•TION,47,2015.0,https://pitchfork.com/features/lists-and-guides/the-200-best-albums-of-the-2010s/,2015.0
The Knife,Shaking the Habitual,46,2013.0,https://pitchfork.com/features/lists-and-guides/the-200-best-albums-of-the-2010s/,2013.0
Mount Eerie,A Crow Looked at Me,45,2017.0,https://pitchfork.com/features/lists-and-guides/the-200-best-albums-of-the-2010s/,2017.0
A Tribe Called Quest,We got it from Here... Thank You 4 Your service,44,2016.0,https://pitchfork.com/features/lists-and-guides/the-200-best-albums-of-the-2010s/,2016.0
Sky Ferreira,"Night Time, My Time",43,2013.0,https://pitchfork.com/features/lists-and-guides/the-200-best-albums-of-the-2010s/,2013.0
Erykah Badu,New Amerykah Part Two: Return of the Ankh,42,2010.0,https://pitchfork.com/features/lists-and-guides/the-200-best-albums-of-the-2010s/,2010.0
Beyoncé,Lemonade,41,2016.0,https://pitchfork.com/features/lists-and-guides/the-200-best-albums-of-the-2010s/,2016.0
Charli XCX,Pop 2,40,2017.0,https://pitchfork.com/features/lists-and-guides/the-200-best-albums-of-the-2010s/,2017.0
Bill Callahan,Apocalypse,39,2011.0,https://pitchfork.com/features/lists-and-guides/the-200-best-albums-of-the-2010s/,2011.0
Tierra Whack,Whack World,38,2018.0,https://pitchfork.com/features/lists-and-guides/the-200-best-albums-of-the-2010s/,2018.0
David Bowie,Blackstar,37,2016.0,https://pitchfork.com/features/lists-and-guides/the-200-best-albums-of-the-2010s/,2016.0
Rosalía,El Mal Querer,36,2018.0,https://pitchfork.com/features/lists-and-guides/the-200-best-albums-of-the-2010s/,2018.0
Blood Orange,Cupid Deluxe,35,2013.0,https://pitchfork.com/features/lists-and-guides/the-200-best-albums-of-the-2010s/,2013.0
Vince Staples,Summertime ’06,34,2015.0,https://pitchfork.com/features/lists-and-guides/the-200-best-albums-of-the-2010s/,2015.0
Big Thief,U.F.O.F.,33,2019.0,https://pitchfork.com/features/lists-and-guides/the-200-best-albums-of-the-2010s/,2019.0
Bon Iver,Bon Iver,32,2011.0,https://pitchfork.com/features/lists-and-guides/the-200-best-albums-of-the-2010s/,2011.0
Beyoncé,4,31,2011.0,https://pitchfork.com/features/lists-and-guides/the-200-best-albums-of-the-2010s/,2011.0
Mitski,Puberty 2,30,2016.0,https://pitchfork.com/features/lists-and-guides/the-200-best-albums-of-the-2010s/,2016.0
Deerhunter,Halcyon Digest,29,2010.0,https://pitchfork.com/features/lists-and-guides/the-200-best-albums-of-the-2010s/,2010.0
FKA twigs,LP1,28,2014.0,https://pitchfork.com/features/lists-and-guides/the-200-best-albums-of-the-2010s/,2014.0
Earl Sweatshirt,Some Rap Songs,27,2018.0,https://pitchfork.com/features/lists-and-guides/the-200-best-albums-of-the-2010s/,2018.0
Angel Olsen,Burn Your Fire for No Witness,26,2014.0,https://pitchfork.com/features/lists-and-guides/the-200-best-albums-of-the-2010s/,2014.0
Jamie xx,In Colour,25,2015.0,https://pitchfork.com/features/lists-and-guides/the-200-best-albums-of-the-2010s/,2015.0
SZA,CTRL,24,2017.0,https://pitchfork.com/features/lists-and-guides/the-200-best-albums-of-the-2010s/,2017.0
Kacey Musgraves,Golden Hour,23,2018.0,https://pitchfork.com/features/lists-and-guides/the-200-best-albums-of-the-2010s/,2018.0
Destroyer,Kaputt,22,2011.0,https://pitchfork.com/features/lists-and-guides/the-200-best-albums-of-the-2010s/,2011.0
Beach House,Teen Dream,21,2010.0,https://pitchfork.com/features/lists-and-guides/the-200-best-albums-of-the-2010s/,2010.0
DJ Rashad,Double Cup,20,2013.0,https://pitchfork.com/features/lists-and-guides/the-200-best-albums-of-the-2010s/,2013.0
Lana Del Rey,Norman Fucking Rockwell!,19,2019.0,https://pitchfork.com/features/lists-and-guides/the-200-best-albums-of-the-2010s/,2019.0
Kendrick Lamar,"good kid, m.A.A.d. city",18,2012.0,https://pitchfork.com/features/lists-and-guides/the-200-best-albums-of-the-2010s/,2012.0
Sufjan Stevens,Carrie & Lowell,17,2015.0,https://pitchfork.com/features/lists-and-guides/the-200-best-albums-of-the-2010s/,2015.0
Joanna Newsom,Have One on Me,16,2010.0,https://pitchfork.com/features/lists-and-guides/the-200-best-albums-of-the-2010s/,2010.0
Kanye West,Yeezus,15,2013.0,https://pitchfork.com/features/lists-and-guides/the-200-best-albums-of-the-2010s/,2013.0
Lorde,Melodrama,14,2017.0,https://pitchfork.com/features/lists-and-guides/the-200-best-albums-of-the-2010s/,2017.0
Drake,Take Care,13,2011.0,https://pitchfork.com/features/lists-and-guides/the-200-best-albums-of-the-2010s/,2011.0
Rihanna,ANTI,12,2016.0,https://pitchfork.com/features/lists-and-guides/the-200-best-albums-of-the-2010s/,2016.0
Grimes,Art Angels,11,2015.0,https://pitchfork.com/features/lists-and-guides/the-200-best-albums-of-the-2010s/,2015.0
Frank Ocean,Channel Orange,10,2012.0,https://pitchfork.com/features/lists-and-guides/the-200-best-albums-of-the-2010s/,2012.0
D’Angelo & the Vanguard,Black Messiah,9,2014.0,https://pitchfork.com/features/lists-and-guides/the-200-best-albums-of-the-2010s/,2014.0
Robyn,Body Talk,8,2010.0,https://pitchfork.com/features/lists-and-guides/the-200-best-albums-of-the-2010s/,2010.0
Vampire Weekend,Modern Vampires of the City,7,2013.0,https://pitchfork.com/features/lists-and-guides/the-200-best-albums-of-the-2010s/,2013.0
Solange,A Seat at the Table,6,2016.0,https://pitchfork.com/features/lists-and-guides/the-200-best-albums-of-the-2010s/,2016.0
Fiona Apple,The Idler Wheel Is Wiser Than the Driver of the Screw and Whipping Cords Will Serve You More Than Ropes Will Ever Do,5,2012.0,https://pitchfork.com/features/lists-and-guides/the-200-best-albums-of-the-2010s/,2012.0
Kendrick Lamar,To Pimp a Butterfly,4,2015.0,https://pitchfork.com/features/lists-and-guides/the-200-best-albums-of-the-2010s/,2015.0
Beyoncé,Beyoncé,3,2013.0,https://pitchfork.com/features/lists-and-guides/the-200-best-albums-of-the-2010s/,2013.0
Kanye West,My Beautiful Dark Twisted Fantasy,2,2010.0,https://pitchfork.com/features/lists-and-guides/the-200-best-albums-of-the-2010s/,2010.0
Frank Ocean,Blonde,1,2016.0,https://pitchfork.com/features/lists-and-guides/the-200-best-albums-of-the-2010s/,2016.0
Lady Gaga & Bradley Cooper,A Star Is Born Soundtrack,100,2018.0,https://www.billboard.com/articles/news/list/8543722/best-albums-of-the-2010s-top-100,2018.0
Lady Antebellum,Need You Now,99,2010.0,https://www.billboard.com/articles/news/list/8543722/best-albums-of-the-2010s-top-100,2010.0
Japandroids,Celebration Rock,98,2012.0,https://www.billboard.com/articles/news/list/8543722/best-albums-of-the-2010s-top-100,2012.0
Porter Robinson,Worlds,97,2014.0,https://www.billboard.com/articles/news/list/8543722/best-albums-of-the-2010s-top-100,2014.0
Ed Sheeran,x,96,2014.0,https://www.billboard.com/articles/news/list/8543722/best-albums-of-the-2010s-top-100,2014.0
Chris Stapleton,Traveller,95,2015.0,https://www.billboard.com/articles/news/list/8543722/best-albums-of-the-2010s-top-100,2015.0
Nipsey Hussle,Victory Lap,94,2018.0,https://www.billboard.com/articles/news/list/8543722/best-albums-of-the-2010s-top-100,2018.0
P!nk,The Truth About Love,93,2012.0,https://www.billboard.com/articles/news/list/8543722/best-albums-of-the-2010s-top-100,2012.0
Ozuna,Odisea,92,2017.0,https://www.billboard.com/articles/news/list/8543722/best-albums-of-the-2010s-top-100,2017.0
Miley Cyrus,Bangerz,91,2013.0,https://www.billboard.com/articles/news/list/8543722/best-albums-of-the-2010s-top-100,2013.0
Against Me!,Transgender Dysphoria Blues,90,2014.0,https://www.billboard.com/articles/news/list/8543722/best-albums-of-the-2010s-top-100,2014.0
Childish Gambino,"""Awaken, My Love!""",89,2016.0,https://www.billboard.com/articles/news/list/8543722/best-albums-of-the-2010s-top-100,2016.0
Sky Ferreira,"Night Time, My Time",88,2013.0,https://www.billboard.com/articles/news/list/8543722/best-albums-of-the-2010s-top-100,2013.0
Brandi Carlile,"By the Way, I Forgive You",87,2018.0,https://www.billboard.com/articles/news/list/8543722/best-albums-of-the-2010s-top-100,2018.0
Jonas Brothers,Happiness Begins,86,2019.0,https://www.billboard.com/articles/news/list/8543722/best-albums-of-the-2010s-top-100,2019.0
J. Cole,2014 Forest Hills Drive,85,2014.0,https://www.billboard.com/articles/news/list/8543722/best-albums-of-the-2010s-top-100,2014.0
Rihanna,Loud,84,2010.0,https://www.billboard.com/articles/news/list/8543722/best-albums-of-the-2010s-top-100,2010.0
Travis Scott,Astroworld,83,2018.0,https://www.billboard.com/articles/news/list/8543722/best-albums-of-the-2010s-top-100,2018.0
The 1975,"I Like It When You Sleep, For You Are So Beautiful Yet So Unaware of It",82,2016.0,https://www.billboard.com/articles/news/list/8543722/best-albums-of-the-2010s-top-100,2016.0
Mumford & Songs,Sigh No More,81,2010.0,https://www.billboard.com/articles/news/list/8543722/best-albums-of-the-2010s-top-100,2010.0
Camila Cabello,Camila,80,2017.0,https://www.billboard.com/articles/news/list/8543722/best-albums-of-the-2010s-top-100,2017.0
Courtney Barnett,Sometimes I Sit and Think and Sometimes I Just Sit,79,2015.0,https://www.billboard.com/articles/news/list/8543722/best-albums-of-the-2010s-top-100,2015.0
Adele,25,78,2015.0,https://www.billboard.com/articles/news/list/8543722/best-albums-of-the-2010s-top-100,2015.0
Arctic Monkeys,AM,77,2013.0,https://www.billboard.com/articles/news/list/8543722/best-albums-of-the-2010s-top-100,2013.0
Lil Uzi Vert,Luv Is Rage 2,76,2017.0,https://www.billboard.com/articles/news/list/8543722/best-albums-of-the-2010s-top-100,2017.0
Twenty One Pilots,Blurryface,74,2015.0,https://www.billboard.com/articles/news/list/8543722/best-albums-of-the-2010s-top-100,2015.0
Kesha,Rainbow,73,2017.0,https://www.billboard.com/articles/news/list/8543722/best-albums-of-the-2010s-top-100,2017.0
Jenni Rivera,Joyas Prestadas,72,2011.0,https://www.billboard.com/articles/news/list/8543722/best-albums-of-the-2010s-top-100,2011.0
Maggie Rogers,Heard It in a Past Life,71,2019.0,https://www.billboard.com/articles/news/list/8543722/best-albums-of-the-2010s-top-100,2019.0
Mac Miller,Swimming,70,2018.0,https://www.billboard.com/articles/news/list/8543722/best-albums-of-the-2010s-top-100,2018.0
Bruno Mars,24K Magic,69,2016.0,https://www.billboard.com/articles/news/list/8543722/best-albums-of-the-2010s-top-100,2016.0
HAIM,Days Are Gone,68,2013.0,https://www.billboard.com/articles/news/list/8543722/best-albums-of-the-2010s-top-100,2013.0
Rae Sremmurd,Sremmlife,67,2015.0,https://www.billboard.com/articles/news/list/8543722/best-albums-of-the-2010s-top-100,2015.0
Perfume Genius,No Shape,66,2017.0,https://www.billboard.com/articles/news/list/8543722/best-albums-of-the-2010s-top-100,2017.0
Lizzo,Cuz I Love You,65,2019.0,https://www.billboard.com/articles/news/list/8543722/best-albums-of-the-2010s-top-100,2019.0
Maren Morris,HERO,64,2016.0,https://www.billboard.com/articles/news/list/8543722/best-albums-of-the-2010s-top-100,2016.0
Tegan and Sara,Heartthrob,63,2013.0,https://www.billboard.com/articles/news/list/8543722/best-albums-of-the-2010s-top-100,2013.0
Kanye West,Yeezus,62,2013.0,https://www.billboard.com/articles/news/list/8543722/best-albums-of-the-2010s-top-100,2013.0
Sam Hunt,Montevallo,61,2014.0,https://www.billboard.com/articles/news/list/8543722/best-albums-of-the-2010s-top-100,2014.0
Florence + the Machine,"How Big, How Blue, How Beautiful",60,2015.0,https://www.billboard.com/articles/news/list/8543722/best-albums-of-the-2010s-top-100,2015.0
Sufjan Stevens,Carrie and Lowell,58,2015.0,https://www.billboard.com/articles/news/list/8543722/best-albums-of-the-2010s-top-100,2015.0
Calvin Harris,Funk Wav Bounces Vol. 1,57,2017.0,https://www.billboard.com/articles/news/list/8543722/best-albums-of-the-2010s-top-100,2017.0
Bon Iver,Bon Iver,56,2011.0,https://www.billboard.com/articles/news/list/8543722/best-albums-of-the-2010s-top-100,2011.0
The Black Keys,Brothers,55,2010.0,https://www.billboard.com/articles/news/list/8543722/best-albums-of-the-2010s-top-100,2010.0
"Tyler, the Creator",IGOR,54,2019.0,https://www.billboard.com/articles/news/list/8543722/best-albums-of-the-2010s-top-100,2019.0
Jay-Z,4:44,53,2017.0,https://www.billboard.com/articles/news/list/8543722/best-albums-of-the-2010s-top-100,2017.0
Anderson .Paak,Malibu,52,2016.0,https://www.billboard.com/articles/news/list/8543722/best-albums-of-the-2010s-top-100,2016.0
Taylor Swift,Speak Now,51,2010.0,https://www.billboard.com/articles/news/list/8543722/best-albums-of-the-2010s-top-100,2010.0
David Bowie,Blackstar,49,2016.0,https://www.billboard.com/articles/news/list/8543722/best-albums-of-the-2010s-top-100,2016.0
Kendrick Lamar,DAMN.,48,2017.0,https://www.billboard.com/articles/news/list/8543722/best-albums-of-the-2010s-top-100,2017.0
J. Balvin,Vibras,47,2017.0,https://www.billboard.com/articles/news/list/8543722/best-albums-of-the-2010s-top-100,2017.0
Disclosure,Settle,46,2013.0,https://www.billboard.com/articles/news/list/8543722/best-albums-of-the-2010s-top-100,2013.0
Drake,Nothing Was the Same,45,2013.0,https://www.billboard.com/articles/news/list/8543722/best-albums-of-the-2010s-top-100,2013.0
Various Artists,Hamilton Original Cast Album,44,2015.0,https://www.billboard.com/articles/news/list/8543722/best-albums-of-the-2010s-top-100,2015.0
One Direction,Four,43,2014.0,https://www.billboard.com/articles/news/list/8543722/best-albums-of-the-2010s-top-100,2014.0
Sam Smith,In the Lonely Hour,42,2014.0,https://www.billboard.com/articles/news/list/8543722/best-albums-of-the-2010s-top-100,2014.0
Grimes,Art Angels,41,2015.0,https://www.billboard.com/articles/news/list/8543722/best-albums-of-the-2010s-top-100,2015.0
Future,DS2,40,2015.0,https://www.billboard.com/articles/news/list/8543722/best-albums-of-the-2010s-top-100,2015.0
LCD Soundsystem,This Is Happening,39,2010.0,https://www.billboard.com/articles/news/list/8543722/best-albums-of-the-2010s-top-100,2010.0
Ariana Grande,Sweetener,38,2018.0,https://www.billboard.com/articles/news/list/8543722/best-albums-of-the-2010s-top-100,2018.0
Paramore,Paramore,37,2013.0,https://www.billboard.com/articles/news/list/8543722/best-albums-of-the-2010s-top-100,2013.0
D'Angelo and the Vanguard,Black Messiah,36,2014.0,https://www.billboard.com/articles/news/list/8543722/best-albums-of-the-2010s-top-100,2014.0
Chance the Rapper,Acid Rap,35,2013.0,https://www.billboard.com/articles/news/list/8543722/best-albums-of-the-2010s-top-100,2013.0
Fiona Apple,"The Idler Wheel Is Wiser Than the Driver of the Screw, and Whipping Cords Will Serve You More Than Ropes Will Ever Do",34,2012.0,https://www.billboard.com/articles/news/list/8543722/best-albums-of-the-2010s-top-100,2012.0
Janelle Monáe,Dirty Computer,33,2018.0,https://www.billboard.com/articles/news/list/8543722/best-albums-of-the-2010s-top-100,2018.0
Tame Impala,Currents,32,2015.0,https://www.billboard.com/articles/news/list/8543722/best-albums-of-the-2010s-top-100,2015.0
Lana Del Rey,Born to Die,31,2012.0,https://www.billboard.com/articles/news/list/8543722/best-albums-of-the-2010s-top-100,2012.0
Justin Bieber,Purpose,30,2015.0,https://www.billboard.com/articles/news/list/8543722/best-albums-of-the-2010s-top-100,2015.0
Miguel,Kaleidoscope Dream,29,2012.0,https://www.billboard.com/articles/news/list/8543722/best-albums-of-the-2010s-top-100,2012.0
Frank Ocean,Blonde,28,2016.0,https://www.billboard.com/articles/news/list/8543722/best-albums-of-the-2010s-top-100,2016.0
Billie Eilish,"When We All Fall Asleep, Where Do We Go?",27,2019.0,https://www.billboard.com/articles/news/list/8543722/best-albums-of-the-2010s-top-100,2019.0
Arcade Fire,The Suburbs,26,2010.0,https://www.billboard.com/articles/news/list/8543722/best-albums-of-the-2010s-top-100,2010.0
Rosalía,El Mal Querer,25,2018.0,https://www.billboard.com/articles/news/list/8543722/best-albums-of-the-2010s-top-100,2018.0
Jay-Z & Kanye West,Watch the Throne,24,2011.0,https://www.billboard.com/articles/news/list/8543722/best-albums-of-the-2010s-top-100,2011.0
Lorde,Pure Heroine,23,2013.0,https://www.billboard.com/articles/news/list/8543722/best-albums-of-the-2010s-top-100,2013.0
SZA,Ctrl,22,2017.0,https://www.billboard.com/articles/news/list/8543722/best-albums-of-the-2010s-top-100,2017.0
Lady Gaga,Born This Way,21,2011.0,https://www.billboard.com/articles/news/list/8543722/best-albums-of-the-2010s-top-100,2011.0
The Weeknd,House of Balloons,20,2011.0,https://www.billboard.com/articles/news/list/8543722/best-albums-of-the-2010s-top-100,2011.0
Taylor Swift,1989,19,2014.0,https://www.billboard.com/articles/news/list/8543722/best-albums-of-the-2010s-top-100,2014.0
Vampire Weekend,Modern Vampires of the City,18,2013.0,https://www.billboard.com/articles/news/list/8543722/best-albums-of-the-2010s-top-100,2013.0
Solange,A Seat at the Table,17,2016.0,https://www.billboard.com/articles/news/list/8543722/best-albums-of-the-2010s-top-100,2016.0
Drake,Take Care,16,2011.0,https://www.billboard.com/articles/news/list/8543722/best-albums-of-the-2010s-top-100,2011.0
Kendrick Lamar,"good kid, m.A.A.d city",15,2012.0,https://www.billboard.com/articles/news/list/8543722/best-albums-of-the-2010s-top-100,2012.0
Katy Perry,Teenage Dream,14,2010.0,https://www.billboard.com/articles/news/list/8543722/best-albums-of-the-2010s-top-100,2010.0
Cardi B,Invasion of Privacy,13,2018.0,https://www.billboard.com/articles/news/list/8543722/best-albums-of-the-2010s-top-100,2018.0
Daft Punk,Random Access Memories,12,2013.0,https://www.billboard.com/articles/news/list/8543722/best-albums-of-the-2010s-top-100,2013.0
Beyoncé,Beyoncé,11,2013.0,https://www.billboard.com/articles/news/list/8543722/best-albums-of-the-2010s-top-100,2013.0
Adele,21,10,2011.0,https://www.billboard.com/articles/news/list/8543722/best-albums-of-the-2010s-top-100,2011.0
Robyn,Body Talk,9,2010.0,https://www.billboard.com/articles/news/list/8543722/best-albums-of-the-2010s-top-100,2010.0
Ariana Grande,Thank U Next,8,2019.0,https://www.billboard.com/articles/news/list/8543722/best-albums-of-the-2010s-top-100,2019.0
Rihanna,Anti,7,2016.0,https://www.billboard.com/articles/news/list/8543722/best-albums-of-the-2010s-top-100,2016.0
Kacey Musgraves,Golden Hour,6,2018.0,https://www.billboard.com/articles/news/list/8543722/best-albums-of-the-2010s-top-100,2018.0
Kendrick Lamar,To Pimp a Butterfly,5,2016.0,https://www.billboard.com/articles/news/list/8543722/best-albums-of-the-2010s-top-100,2016.0
Taylor Swift,Red,4,2012.0,https://www.billboard.com/articles/news/list/8543722/best-albums-of-the-2010s-top-100,2012.0
Frank Ocean,Channel Orange,3,2012.0,https://www.billboard.com/articles/news/list/8543722/best-albums-of-the-2010s-top-100,2012.0
Beyoncé,Lemonade,2,2016.0,https://www.billboard.com/articles/news/list/8543722/best-albums-of-the-2010s-top-100,2016.0
Kanye West,My Beautiful Dark Twisted Fantasy,1,2010.0,https://www.billboard.com/articles/news/list/8543722/best-albums-of-the-2010s-top-100,2010.0
Future,Pluto,100,2012.0,https://www.stereogum.com/featured/best-albums-of-the-2010s-list/,2012.0
Car Seat Headrest,Teens Of Denial,99,2016.0,https://www.stereogum.com/featured/best-albums-of-the-2010s-list/,2016.0
PUP,The Dream Is Over,98,2016.0,https://www.stereogum.com/featured/best-albums-of-the-2010s-list/,2016.0
Courtney Barnett,"Sometimes I Sit And Think, And Sometimes I Just Sit",97,2015.0,https://www.stereogum.com/featured/best-albums-of-the-2010s-list/,2015.0
Colleen Green,I Want To Grow Up,96,2015.0,https://www.stereogum.com/featured/best-albums-of-the-2010s-list/,2015.0
Wye Oak,Civilian,95,2011.0,https://www.stereogum.com/featured/best-albums-of-the-2010s-list/,2011.0
Purity Ring,Shrines,94,2012.0,https://www.stereogum.com/featured/best-albums-of-the-2010s-list/,2012.0
Hop Along,Painted Shut,93,2015.0,https://www.stereogum.com/featured/best-albums-of-the-2010s-list/,2015.0
Jim O’Rourke,Simple Songs,92,2015.0,https://www.stereogum.com/featured/best-albums-of-the-2010s-list/,2015.0
Japanese Breakfast,Soft Sounds From Another Planet,91,2017.0,https://www.stereogum.com/featured/best-albums-of-the-2010s-list/,2017.0
Charly Bliss,Guppy,90,2017.0,https://www.stereogum.com/featured/best-albums-of-the-2010s-list/,2017.0
"Young Thug, Birdman, & Rich Homie Quan",Rich Gang: Tha Tour Part 1,89,2014.0,https://www.stereogum.com/featured/best-albums-of-the-2010s-list/,2014.0
Cobalt,Slow Forever,88,2016.0,https://www.stereogum.com/featured/best-albums-of-the-2010s-list/,2016.0
Oneohtrix Point Never,Replica,87,2011.0,https://www.stereogum.com/featured/best-albums-of-the-2010s-list/,2011.0
Eric Church,The Outsiders,86,2014.0,https://www.stereogum.com/featured/best-albums-of-the-2010s-list/,2014.0
Sleigh Bells,Treats,85,2010.0,https://www.stereogum.com/featured/best-albums-of-the-2010s-list/,2010.0
Vampire Weekend,Father Of The Bride,84,2019.0,https://www.stereogum.com/featured/best-albums-of-the-2010s-list/,2019.0
Priests,Nothing Feels Natural,83,2017.0,https://www.stereogum.com/featured/best-albums-of-the-2010s-list/,2017.0
Fuck Buttons,Slow Focus,82,2013.0,https://www.stereogum.com/featured/best-albums-of-the-2010s-list/,2013.0
Japandroids,Celebration Rock,81,2012.0,https://www.stereogum.com/featured/best-albums-of-the-2010s-list/,2012.0
Parquet Courts,Light Up Gold,80,2012.0,https://www.stereogum.com/featured/best-albums-of-the-2010s-list/,2012.0
Big Thief,U.F.O.F.,79,2019.0,https://www.stereogum.com/featured/best-albums-of-the-2010s-list/,2019.0
Deerhunter,Halcyon Digest,78,2010.0,https://www.stereogum.com/featured/best-albums-of-the-2010s-list/,2010.0
SZA,Ctrl,77,2017.0,https://www.stereogum.com/featured/best-albums-of-the-2010s-list/,2017.0
(Sandy) Alex G,DSU,76,2014.0,https://www.stereogum.com/featured/best-albums-of-the-2010s-list/,2014.0
Charli XCX,Pop 2,75,2017.0,https://www.stereogum.com/featured/best-albums-of-the-2010s-list/,2017.0
The National,Sleep Well Beast,74,2017.0,https://www.stereogum.com/featured/best-albums-of-the-2010s-list/,2017.0
Björk,Vulnicura,73,2015.0,https://www.stereogum.com/featured/best-albums-of-the-2010s-list/,2015.0
Nick Cave & The Bad Seeds,Ghosteen,72,2019.0,https://www.stereogum.com/featured/best-albums-of-the-2010s-list/,2019.0
Low,Double Negative,71,2018.0,https://www.stereogum.com/featured/best-albums-of-the-2010s-list/,2018.0
D’Angelo And The Vanguard,Black Messiah,70,2014.0,https://www.stereogum.com/featured/best-albums-of-the-2010s-list/,2014.0
Taylor Swift,1989,69,2014.0,https://www.stereogum.com/featured/best-albums-of-the-2010s-list/,2014.0
Purple Mountains,Purple Mountains,68,2019.0,https://www.stereogum.com/featured/best-albums-of-the-2010s-list/,2019.0
Lana Del Rey,Norman Fucking Rockwell!,67,2019.0,https://www.stereogum.com/featured/best-albums-of-the-2010s-list/,2019.0
Jenny Hval,"Apocalypse, girl",66,2015.0,https://www.stereogum.com/featured/best-albums-of-the-2010s-list/,2015.0
James Blake,James Blake,65,2011.0,https://www.stereogum.com/featured/best-albums-of-the-2010s-list/,2011.0
Blood Orange,Cupid Deluxe,64,2013.0,https://www.stereogum.com/featured/best-albums-of-the-2010s-list/,2013.0
Fucked Up,David Comes To Life,63,2011.0,https://www.stereogum.com/featured/best-albums-of-the-2010s-list/,2011.0
M83,"Hurry Up, We’re Dreaming",62,2011.0,https://www.stereogum.com/featured/best-albums-of-the-2010s-list/,2011.0
The 1975,"I Like It When You Sleep, For You Are So Beautiful Yet So Unaware Of It",61,2016.0,https://www.stereogum.com/featured/best-albums-of-the-2010s-list/,2016.0
Kamasi Washington,The Epic,60,2015.0,https://www.stereogum.com/featured/best-albums-of-the-2010s-list/,2015.0
Radiohead,A Moon Shaped Pool,59,2016.0,https://www.stereogum.com/featured/best-albums-of-the-2010s-list/,2016.0
A Tribe Called Quest,We Got It From Here … Thank You 4 Your Service,58,2016.0,https://www.stereogum.com/featured/best-albums-of-the-2010s-list/,2016.0
Earl Sweatshirt,Doris,57,2013.0,https://www.stereogum.com/featured/best-albums-of-the-2010s-list/,2013.0
Cardi B,Invasion Of Privacy,56,2018.0,https://www.stereogum.com/featured/best-albums-of-the-2010s-list/,2018.0
Rosalía,El Mal Querer,55,2018.0,https://www.stereogum.com/featured/best-albums-of-the-2010s-list/,2018.0
Titus Andronicus,The Monitor,54,2010.0,https://www.stereogum.com/featured/best-albums-of-the-2010s-list/,2010.0
The Knife,Shaking The Habitual,53,2013.0,https://www.stereogum.com/featured/best-albums-of-the-2010s-list/,2013.0
Tame Impala,Currents,52,2015.0,https://www.stereogum.com/featured/best-albums-of-the-2010s-list/,2015.0
Sharon Van Etten,Are We There,51,2014.0,https://www.stereogum.com/featured/best-albums-of-the-2010s-list/,2014.0
Run The Jewels,Run The Jewels 2,50,2014.0,https://www.stereogum.com/featured/best-albums-of-the-2010s-list/,2014.0
Panda Bear,Tomboy,49,2011.0,https://www.stereogum.com/featured/best-albums-of-the-2010s-list/,2011.0
Snail Mail,Lush,48,2018.0,https://www.stereogum.com/featured/best-albums-of-the-2010s-list/,2018.0
Waxahatchee,Cerulean Salt,47,2013.0,https://www.stereogum.com/featured/best-albums-of-the-2010s-list/,2013.0
Rihanna,ANTI,46,2016.0,https://www.stereogum.com/featured/best-albums-of-the-2010s-list/,2016.0
Pusha T,Daytona,45,2018.0,https://www.stereogum.com/featured/best-albums-of-the-2010s-list/,2018.0
Slowdive,Slowdive,44,2017.0,https://www.stereogum.com/featured/best-albums-of-the-2010s-list/,2017.0
Perfume Genius,No Shape,43,2017.0,https://www.stereogum.com/featured/best-albums-of-the-2010s-list/,2017.0
Ariana Grande,Sweetener,42,2018.0,https://www.stereogum.com/featured/best-albums-of-the-2010s-list/,2018.0
Chance The Rapper,Acid Rap,41,2013.0,https://www.stereogum.com/featured/best-albums-of-the-2010s-list/,2013.0
Lana Del Rey,Born To Die,40,2012.0,https://www.stereogum.com/featured/best-albums-of-the-2010s-list/,2012.0
Joanna Newsom,Have One On Me,39,2010.0,https://www.stereogum.com/featured/best-albums-of-the-2010s-list/,2010.0
Drake,Take Care,38,2011.0,https://www.stereogum.com/featured/best-albums-of-the-2010s-list/,2011.0
Bon Iver,"22, A Million",37,2016.0,https://www.stereogum.com/featured/best-albums-of-the-2010s-list/,2016.0
FKA Twigs,LP1,36,2014.0,https://www.stereogum.com/featured/best-albums-of-the-2010s-list/,2014.0
Mount Eerie,A Crow Looked At Me,35,2017.0,https://www.stereogum.com/featured/best-albums-of-the-2010s-list/,2017.0
Kacey Musgraves,Golden Hour,34,2018.0,https://www.stereogum.com/featured/best-albums-of-the-2010s-list/,2018.0
Beyoncé,Lemonade,33,2016.0,https://www.stereogum.com/featured/best-albums-of-the-2010s-list/,2016.0
Beach House,Teen Dream,32,2010.0,https://www.stereogum.com/featured/best-albums-of-the-2010s-list/,2010.0
Father John Misty,"I Love You, Honeybear",31,2015.0,https://www.stereogum.com/featured/best-albums-of-the-2010s-list/,2015.0
Danny Brown,Old,30,2013.0,https://www.stereogum.com/featured/best-albums-of-the-2010s-list/,2013.0
Angel Olsen,Burn Your Fire For No Witness,29,2014.0,https://www.stereogum.com/featured/best-albums-of-the-2010s-list/,2014.0
St. Vincent,Strange Mercy,28,2011.0,https://www.stereogum.com/featured/best-albums-of-the-2010s-list/,2011.0
Mitski,Puberty 2,27,2016.0,https://www.stereogum.com/featured/best-albums-of-the-2010s-list/,2016.0
Vampire Weekend,Modern Vampires Of The City,26,2013.0,https://www.stereogum.com/featured/best-albums-of-the-2010s-list/,2013.0
Deafheaven,Sunbather,25,2013.0,https://www.stereogum.com/featured/best-albums-of-the-2010s-list/,2013.0
The War On Drugs,Lost In The Dream,24,2014.0,https://www.stereogum.com/featured/best-albums-of-the-2010s-list/,2014.0
Vince Staples,Summertime ’06,23,2015.0,https://www.stereogum.com/featured/best-albums-of-the-2010s-list/,2015.0
Bon Iver,"Bon Iver, Bon Iver",22,2011.0,https://www.stereogum.com/featured/best-albums-of-the-2010s-list/,2011.0
Solange,A Seat At The Table,21,2016.0,https://www.stereogum.com/featured/best-albums-of-the-2010s-list/,2016.0
Robyn,Body Talk,20,2010.0,https://www.stereogum.com/featured/best-albums-of-the-2010s-list/,2010.0
Fiona Apple,The Idler Wheel…,19,2012.0,https://www.stereogum.com/featured/best-albums-of-the-2010s-list/,2012.0
My Bloody Valentine,mbv,18,2013.0,https://www.stereogum.com/featured/best-albums-of-the-2010s-list/,2013.0
Lorde,Melodrama,17,2017.0,https://www.stereogum.com/featured/best-albums-of-the-2010s-list/,2017.0
Sufjan Stevens,Carrie & Lowell,16,2015.0,https://www.stereogum.com/featured/best-albums-of-the-2010s-list/,2015.0
David Bowie,Blackstar,15,2016.0,https://www.stereogum.com/featured/best-albums-of-the-2010s-list/,2016.0
Arcade Fire,The Suburbs,14,2010.0,https://www.stereogum.com/featured/best-albums-of-the-2010s-list/,2010.0
Frank Ocean,Channel ORANGE,13,2012.0,https://www.stereogum.com/featured/best-albums-of-the-2010s-list/,2012.0
LCD Soundsystem,This Is Happening,12,2010.0,https://www.stereogum.com/featured/best-albums-of-the-2010s-list/,2010.0
Kendrick Lamar,DAMN.,11,2017.0,https://www.stereogum.com/featured/best-albums-of-the-2010s-list/,2017.0
Taylor Swift,Red,10,2012.0,https://www.stereogum.com/featured/best-albums-of-the-2010s-list/,2012.0
Carly Rae Jepsen,E•MO•TION,9,2015.0,https://www.stereogum.com/featured/best-albums-of-the-2010s-list/,2015.0
Sky Ferreira,"Night Time, My Time",8,2013.0,https://www.stereogum.com/featured/best-albums-of-the-2010s-list/,2013.0
Beyoncé,Beyoncé,7,2013.0,https://www.stereogum.com/featured/best-albums-of-the-2010s-list/,2013.0
Kendrick Lamar,"good Kid, m.A.A.d. city",6,2012.0,https://www.stereogum.com/featured/best-albums-of-the-2010s-list/,2012.0
Frank Ocean,Blonde,5,2016.0,https://www.stereogum.com/featured/best-albums-of-the-2010s-list/,2016.0
Kanye West,My Beautiful Dark Twisted Fantasy,4,2010.0,https://www.stereogum.com/featured/best-albums-of-the-2010s-list/,2010.0
Grimes,Art Angels,3,2015.0,https://www.stereogum.com/featured/best-albums-of-the-2010s-list/,2015.0
Kanye West,Yeezus,2,2013.0,https://www.stereogum.com/featured/best-albums-of-the-2010s-list/,2013.0
Kendrick Lamar,To Pimp A Butterfly,1,2015.0,https://www.stereogum.com/featured/best-albums-of-the-2010s-list/,2015.0
PJ Harvey,Let England Shake,100,2011.0,https://consequenceofsound.net/2019/11/top-albums-of-the-2010s/full-post/,2011.0
Savages,Silence Yourself,99,2013.0,https://consequenceofsound.net/2019/11/top-albums-of-the-2010s/full-post/,2013.0
Destroyer,Kaputt,98,2011.0,https://consequenceofsound.net/2019/11/top-albums-of-the-2010s/full-post/,2011.0
Ariana Grande,"thank you, next",97,2019.0,https://consequenceofsound.net/2019/11/top-albums-of-the-2010s/full-post/,2019.0
Bon Iver,"22, A Million",96,2016.0,https://consequenceofsound.net/2019/11/top-albums-of-the-2010s/full-post/,2016.0
Oneohtrix Point Never,Replica,95,2012.0,https://consequenceofsound.net/2019/11/top-albums-of-the-2010s/full-post/,2012.0
Tom Waits,Bad as Me,94,2011.0,https://consequenceofsound.net/2019/11/top-albums-of-the-2010s/full-post/,2011.0
BROCKHAMPTON,Iridescence,93,2018.0,https://consequenceofsound.net/2019/11/top-albums-of-the-2010s/full-post/,2018.0
Caribou,Our Love,92,2014.0,https://consequenceofsound.net/2019/11/top-albums-of-the-2010s/full-post/,2014.0
Courtney Barnett,"Sometimes I Sit and Think, and Sometimes I Just Sit",91,2015.0,https://consequenceofsound.net/2019/11/top-albums-of-the-2010s/full-post/,2015.0
Carly Rae Jepsen,E•MO•TION,90,2015.0,https://consequenceofsound.net/2019/11/top-albums-of-the-2010s/full-post/,2015.0
Big Boi,Sir Lucious Left Foot: The Son of Chico Dusty,89,2010.0,https://consequenceofsound.net/2019/11/top-albums-of-the-2010s/full-post/,2010.0
Lady Lamb,After,88,2015.0,https://consequenceofsound.net/2019/11/top-albums-of-the-2010s/full-post/,2015.0
Christine and the Queens,Chris,87,2018.0,https://consequenceofsound.net/2019/11/top-albums-of-the-2010s/full-post/,2018.0
Spoon,Hot Thoughts,86,2017.0,https://consequenceofsound.net/2019/11/top-albums-of-the-2010s/full-post/,2017.0
Kacey Musgraves,Golden Hour,85,2018.0,https://consequenceofsound.net/2019/11/top-albums-of-the-2010s/full-post/,2018.0
Thundercat,The Golden Age of Apocalypse,84,2011.0,https://consequenceofsound.net/2019/11/top-albums-of-the-2010s/full-post/,2011.0
Cardi B,Invasion of Privacy,83,2018.0,https://consequenceofsound.net/2019/11/top-albums-of-the-2010s/full-post/,2018.0
Japandroids,Celebration Rock,82,2012.0,https://consequenceofsound.net/2019/11/top-albums-of-the-2010s/full-post/,2012.0
Rihanna,Anti,81,2016.0,https://consequenceofsound.net/2019/11/top-albums-of-the-2010s/full-post/,2016.0
Foo Fighters,Wasting Light,80,2011.0,https://consequenceofsound.net/2019/11/top-albums-of-the-2010s/full-post/,2011.0
Beyoncé,Beyoncé,79,2013.0,https://consequenceofsound.net/2019/11/top-albums-of-the-2010s/full-post/,2013.0
Noname,Room 25,78,2018.0,https://consequenceofsound.net/2019/11/top-albums-of-the-2010s/full-post/,2018.0
Deerhunter,Halcyon Digest,77,2010.0,https://consequenceofsound.net/2019/11/top-albums-of-the-2010s/full-post/,2010.0
Sleater-Kinney,No Cities to Love,76,2015.0,https://consequenceofsound.net/2019/11/top-albums-of-the-2010s/full-post/,2015.0
HAIM,Days Are Gone,75,2013.0,https://consequenceofsound.net/2019/11/top-albums-of-the-2010s/full-post/,2013.0
Drake,Take Care,74,2011.0,https://consequenceofsound.net/2019/11/top-albums-of-the-2010s/full-post/,2011.0
FKA twigs,LP1,73,2014.0,https://consequenceofsound.net/2019/11/top-albums-of-the-2010s/full-post/,2014.0
My Bloody Valentine,m b v,72,2013.0,https://consequenceofsound.net/2019/11/top-albums-of-the-2010s/full-post/,2013.0
Run the Jewels,Run the Jewels 2,71,2014.0,https://consequenceofsound.net/2019/11/top-albums-of-the-2010s/full-post/,2014.0
Katy Perry,Teenage Dream,70,2010.0,https://consequenceofsound.net/2019/11/top-albums-of-the-2010s/full-post/,2010.0
Paramore,After Laughter,69,2017.0,https://consequenceofsound.net/2019/11/top-albums-of-the-2010s/full-post/,2017.0
A Tribe Called Quest,We Got It from Here… Thank You 4 Your Service,68,2016.0,https://consequenceofsound.net/2019/11/top-albums-of-the-2010s/full-post/,2016.0
The National,Trouble Will Find Me,67,2013.0,https://consequenceofsound.net/2019/11/top-albums-of-the-2010s/full-post/,2013.0
Lady Gaga,Joanne,66,2016.0,https://consequenceofsound.net/2019/11/top-albums-of-the-2010s/full-post/,2016.0
Cloud Nothings,Attack on Memory,65,2012.0,https://consequenceofsound.net/2019/11/top-albums-of-the-2010s/full-post/,2012.0
Angel Olsen,All Mirrors,64,2019.0,https://consequenceofsound.net/2019/11/top-albums-of-the-2010s/full-post/,2019.0
Spiritualized,"Sweet Heart, Sweet Light",63,2012.0,https://consequenceofsound.net/2019/11/top-albums-of-the-2010s/full-post/,2012.0
SABA,Care for Me,62,2018.0,https://consequenceofsound.net/2019/11/top-albums-of-the-2010s/full-post/,2018.0
Joanna Newsom,Have One on Me,61,2010.0,https://consequenceofsound.net/2019/11/top-albums-of-the-2010s/full-post/,2010.0
Chromatics,Kill for Love,60,2012.0,https://consequenceofsound.net/2019/11/top-albums-of-the-2010s/full-post/,2012.0
Titus Andronicus,The Most Lamentable Tragedy,59,2015.0,https://consequenceofsound.net/2019/11/top-albums-of-the-2010s/full-post/,2015.0
Blood Orange,Negro Swan,58,2018.0,https://consequenceofsound.net/2019/11/top-albums-of-the-2010s/full-post/,2018.0
St. Vincent,Masseduction,57,2017.0,https://consequenceofsound.net/2019/11/top-albums-of-the-2010s/full-post/,2017.0
Frank Ocean,Blonde,56,2016.0,https://consequenceofsound.net/2019/11/top-albums-of-the-2010s/full-post/,2016.0
Lucy Dacus,Historian,55,2018.0,https://consequenceofsound.net/2019/11/top-albums-of-the-2010s/full-post/,2018.0
Mount Eerie,A Crow Looked at Me,54,2017.0,https://consequenceofsound.net/2019/11/top-albums-of-the-2010s/full-post/,2017.0
D’Angelo and the Vanguard,Black Messiah,53,2015.0,https://consequenceofsound.net/2019/11/top-albums-of-the-2010s/full-post/,2015.0
Sky Ferreira,"Night Time, My Time",52,2013.0,https://consequenceofsound.net/2019/11/top-albums-of-the-2010s/full-post/,2013.0
Jamila Woods,Legacy! Legacy!,51,2019.0,https://consequenceofsound.net/2019/11/top-albums-of-the-2010s/full-post/,2019.0
Kanye and Jay-Z,Watch the Throne,50,2011.0,https://consequenceofsound.net/2019/11/top-albums-of-the-2010s/full-post/,2011.0
Sharon Van Etten,Remind Me Tomorrow,49,2019.0,https://consequenceofsound.net/2019/11/top-albums-of-the-2010s/full-post/,2019.0
Flying Lotus,Cosmogramma,48,2010.0,https://consequenceofsound.net/2019/11/top-albums-of-the-2010s/full-post/,2010.0
Daft Punk,Random Access Memories,47,2013.0,https://consequenceofsound.net/2019/11/top-albums-of-the-2010s/full-post/,2013.0
Anderson .Paak,Malibu,46,2016.0,https://consequenceofsound.net/2019/11/top-albums-of-the-2010s/full-post/,2016.0
Father John Misty,"I Love You, Honeybear",45,2015.0,https://consequenceofsound.net/2019/11/top-albums-of-the-2010s/full-post/,2015.0
Disclosure,Settle,44,2013.0,https://consequenceofsound.net/2019/11/top-albums-of-the-2010s/full-post/,2013.0
Sufjan Stevens,Carrie & Lowell,43,2015.0,https://consequenceofsound.net/2019/11/top-albums-of-the-2010s/full-post/,2015.0
Björk,Vulnicura,42,2015.0,https://consequenceofsound.net/2019/11/top-albums-of-the-2010s/full-post/,2015.0
James Blake,James Blake,41,2011.0,https://consequenceofsound.net/2019/11/top-albums-of-the-2010s/full-post/,2011.0
Deafheaven,Sunbather,40,2013.0,https://consequenceofsound.net/2019/11/top-albums-of-the-2010s/full-post/,2013.0
Beach House,Teen Dream,39,2010.0,https://consequenceofsound.net/2019/11/top-albums-of-the-2010s/full-post/,2010.0
Chance the Rapper,Acid Rap,38,2013.0,https://consequenceofsound.net/2019/11/top-albums-of-the-2010s/full-post/,2013.0
Lana Del Rey,Ultraviolence,37,2014.0,https://consequenceofsound.net/2019/11/top-albums-of-the-2010s/full-post/,2014.0
Kamasi Washington,Heaven and Earth,36,2018.0,https://consequenceofsound.net/2019/11/top-albums-of-the-2010s/full-post/,2018.0
Gorillaz,Plastic Beach,35,2010.0,https://consequenceofsound.net/2019/11/top-albums-of-the-2010s/full-post/,2010.0
Vince Staples,Big Fish Theory,34,2017.0,https://consequenceofsound.net/2019/11/top-albums-of-the-2010s/full-post/,2017.0
Grimes,Art Angels,33,2015.0,https://consequenceofsound.net/2019/11/top-albums-of-the-2010s/full-post/,2015.0
Nick Cave and the Bad Seeds,The Skeleton Tree,32,2016.0,https://consequenceofsound.net/2019/11/top-albums-of-the-2010s/full-post/,2016.0
LCD Soundsystem,This Is Happening,31,2010.0,https://consequenceofsound.net/2019/11/top-albums-of-the-2010s/full-post/,2010.0
Bon Iver,"Bon Iver, Bon Iver",30,2011.0,https://consequenceofsound.net/2019/11/top-albums-of-the-2010s/full-post/,2011.0
Solange,A Seat at the Table,29,2016.0,https://consequenceofsound.net/2019/11/top-albums-of-the-2010s/full-post/,2016.0
M83,"Hurry Up, We’re Dreaming",28,2011.0,https://consequenceofsound.net/2019/11/top-albums-of-the-2010s/full-post/,2011.0
Arctic Monkeys,AM,27,2013.0,https://consequenceofsound.net/2019/11/top-albums-of-the-2010s/full-post/,2013.0
Jamie xx,In Colour,26,2015.0,https://consequenceofsound.net/2019/11/top-albums-of-the-2010s/full-post/,2015.0
Kendrick Lamar,DAMN.,25,2017.0,https://consequenceofsound.net/2019/11/top-albums-of-the-2010s/full-post/,2017.0
Taylor Swift,1989,24,2014.0,https://consequenceofsound.net/2019/11/top-albums-of-the-2010s/full-post/,2014.0
Angel Olsen,My Woman,23,2016.0,https://consequenceofsound.net/2019/11/top-albums-of-the-2010s/full-post/,2016.0
Against Me!,Transgender Dysphoria Blues,22,2014.0,https://consequenceofsound.net/2019/11/top-albums-of-the-2010s/full-post/,2014.0
The National,High Violet,21,2010.0,https://consequenceofsound.net/2019/11/top-albums-of-the-2010s/full-post/,2010.0
SZA,Ctrl,20,2017.0,https://consequenceofsound.net/2019/11/top-albums-of-the-2010s/full-post/,2017.0
Adele,21,19,2011.0,https://consequenceofsound.net/2019/11/top-albums-of-the-2010s/full-post/,2011.0
Arcade Fire,The Suburbs,18,2010.0,https://consequenceofsound.net/2019/11/top-albums-of-the-2010s/full-post/,2010.0
David Bowie,★,17,2016.0,https://consequenceofsound.net/2019/11/top-albums-of-the-2010s/full-post/,2016.0
The War on Drugs,Lost in the Dream,16,2014.0,https://consequenceofsound.net/2019/11/top-albums-of-the-2010s/full-post/,2014.0
Billie Eilish,"When We All Fall Asleep, Where Do We Go?",15,2019.0,https://consequenceofsound.net/2019/11/top-albums-of-the-2010s/full-post/,2019.0
Janelle Monáe,Dirty Computer,14,2018.0,https://consequenceofsound.net/2019/11/top-albums-of-the-2010s/full-post/,2018.0
Tame Impala,Currents,13,2015.0,https://consequenceofsound.net/2019/11/top-albums-of-the-2010s/full-post/,2015.0
Kanye West,Yeezus,12,2013.0,https://consequenceofsound.net/2019/11/top-albums-of-the-2010s/full-post/,2013.0
Fiona Apple,The Idler Wheel…,11,2012.0,https://consequenceofsound.net/2019/11/top-albums-of-the-2010s/full-post/,2012.0
Mitski,Be the Cowboy,10,2018.0,https://consequenceofsound.net/2019/11/top-albums-of-the-2010s/full-post/,2018.0
St. Vincent,Strange Mercy,9,2011.0,https://consequenceofsound.net/2019/11/top-albums-of-the-2010s/full-post/,2011.0
Kendrick Lamar,"ood kid, m.A.A.d city",8,2012.0,https://consequenceofsound.net/2019/11/top-albums-of-the-2010s/full-post/,2012.0
Robyn,Body Talk,7,2010.0,https://consequenceofsound.net/2019/11/top-albums-of-the-2010s/full-post/,2010.0
Frank Ocean,Channel Orange,6,2012.0,https://consequenceofsound.net/2019/11/top-albums-of-the-2010s/full-post/,2012.0
Vampire Weekend,Modern Vampires of the City,5,2013.0,https://consequenceofsound.net/2019/11/top-albums-of-the-2010s/full-post/,2013.0
Lorde,Melodrama,4,2017.0,https://consequenceofsound.net/2019/11/top-albums-of-the-2010s/full-post/,2017.0
Kanye West,My Beautiful Dark Twisted Fantasy,3,2010.0,https://consequenceofsound.net/2019/11/top-albums-of-the-2010s/full-post/,2010.0
Kendrick Lamar,To Pimp a Butterfly,2,2015.0,https://consequenceofsound.net/2019/11/top-albums-of-the-2010s/full-post/,2015.0
Beyoncé,Lemonade,1,2016.0,https://consequenceofsound.net/2019/11/top-albums-of-the-2010s/full-post/,2016.0
Fiona Apple,The Idler Wheel…,10,2012.0,https://time.com/5725768/best-albums-2010s-decade/,2012.0
Miguel,Kaleidoscope Dream,10,2012.0,https://time.com/5725768/best-albums-2010s-decade/,2012.0
Beauty Pill,Beauty Pill Describes Things As They Are,10,2015.0,https://time.com/5725768/best-albums-2010s-decade/,2015.0
Carly Rae Jepsen,E•MO•TION,10,2015.0,https://time.com/5725768/best-albums-2010s-decade/,2015.0
Beyoncé,Lemonade,10,2016.0,https://time.com/5725768/best-albums-2010s-decade/,2016.0
Leonard Cohen,You Want It Darker,10,2016.0,https://time.com/5725768/best-albums-2010s-decade/,2016.0
Miranda Lambert,The Weight of These Wings,10,2016.0,https://time.com/5725768/best-albums-2010s-decade/,2016.0
Solange,A Seat At the Table,10,2016.0,https://time.com/5725768/best-albums-2010s-decade/,2016.0
Kendrick Lamar,DAMN.,10,2017.0,https://time.com/5725768/best-albums-2010s-decade/,2017.0
Ozuna,Aura,10,2018.0,https://time.com/5725768/best-albums-2010s-decade/,2018.0
Drake,Take Care,100,2011.0,https://www.pastemagazine.com/articles/2019/10/best-albums-of-the-2010s-paste.html,2011.0
Japanese Breakfast,Soft Sounds from Another Planet,99,2017.0,https://www.pastemagazine.com/articles/2019/10/best-albums-of-the-2010s-paste.html,2017.0
Nick Cave & The Bad Seeds,Skeleton Tree,98,2016.0,https://www.pastemagazine.com/articles/2019/10/best-albums-of-the-2010s-paste.html,2016.0
Deafheaven,Sunbather,97,2013.0,https://www.pastemagazine.com/articles/2019/10/best-albums-of-the-2010s-paste.html,2013.0
"Tyler, The Creator",Flower Boy,96,2017.0,https://www.pastemagazine.com/articles/2019/10/best-albums-of-the-2010s-paste.html,2017.0
The Black Keys,Brothers,95,2010.0,https://www.pastemagazine.com/articles/2019/10/best-albums-of-the-2010s-paste.html,2010.0
Sky Ferreira,"Night Time, My Time",94,2013.0,https://www.pastemagazine.com/articles/2019/10/best-albums-of-the-2010s-paste.html,2013.0
Charles Bradley,Victim of Love,93,2013.0,https://www.pastemagazine.com/articles/2019/10/best-albums-of-the-2010s-paste.html,2013.0
Travis Scott,ASTROWORLD,92,2018.0,https://www.pastemagazine.com/articles/2019/10/best-albums-of-the-2010s-paste.html,2018.0
Lucius,Wildewoman,91,2013.0,https://www.pastemagazine.com/articles/2019/10/best-albums-of-the-2010s-paste.html,2013.0
Julien Baker,Turn Out The Lights,90,2017.0,https://www.pastemagazine.com/articles/2019/10/best-albums-of-the-2010s-paste.html,2017.0
Savages,Silence Yourself,89,2013.0,https://www.pastemagazine.com/articles/2019/10/best-albums-of-the-2010s-paste.html,2013.0
M83,"Hurry Up, We’re Dreaming",88,2011.0,https://www.pastemagazine.com/articles/2019/10/best-albums-of-the-2010s-paste.html,2011.0
Hop Along,Painted Shut,87,2015.0,https://www.pastemagazine.com/articles/2019/10/best-albums-of-the-2010s-paste.html,2015.0
Grimes,Visions,86,2012.0,https://www.pastemagazine.com/articles/2019/10/best-albums-of-the-2010s-paste.html,2012.0
Big Thief,Capacity,85,2017.0,https://www.pastemagazine.com/articles/2019/10/best-albums-of-the-2010s-paste.html,2017.0
Tune-Yards,w h o k i l l,84,2011.0,https://www.pastemagazine.com/articles/2019/10/best-albums-of-the-2010s-paste.html,2011.0
Soccer Mommy,Clean,83,2018.0,https://www.pastemagazine.com/articles/2019/10/best-albums-of-the-2010s-paste.html,2018.0
Kurt Vile,Smoke Ring For My Halo,82,2011.0,https://www.pastemagazine.com/articles/2019/10/best-albums-of-the-2010s-paste.html,2011.0
Kaytranada,99.9%,81,2016.0,https://www.pastemagazine.com/articles/2019/10/best-albums-of-the-2010s-paste.html,2016.0
James Blake,James Blake,80,2011.0,https://www.pastemagazine.com/articles/2019/10/best-albums-of-the-2010s-paste.html,2011.0
St. Paul and the Broken Bones,Half the City,79,2014.0,https://www.pastemagazine.com/articles/2019/10/best-albums-of-the-2010s-paste.html,2014.0
Run the Jewels,Run the Jewels 2,78,2014.0,https://www.pastemagazine.com/articles/2019/10/best-albums-of-the-2010s-paste.html,2014.0
Joanna Newsom,Have One On Me,77,2010.0,https://www.pastemagazine.com/articles/2019/10/best-albums-of-the-2010s-paste.html,2010.0
IDLES,Joy As An Act of Resistance,76,2018.0,https://www.pastemagazine.com/articles/2019/10/best-albums-of-the-2010s-paste.html,2018.0
Fiona Apple,The Idler Wheel Is Wiser than the Driver of the Screw and Whipping Cords Will Serve You More than Ropes Will Ever Do,75,2012.0,https://www.pastemagazine.com/articles/2019/10/best-albums-of-the-2010s-paste.html,2012.0
Sturgill Simpson,Metamodern Sounds in Country Music,74,2014.0,https://www.pastemagazine.com/articles/2019/10/best-albums-of-the-2010s-paste.html,2014.0
Kevin Morby,City Music,73,2017.0,https://www.pastemagazine.com/articles/2019/10/best-albums-of-the-2010s-paste.html,2017.0
Frightened Rabbit,The Winter of Mixed Drinks,72,2010.0,https://www.pastemagazine.com/articles/2019/10/best-albums-of-the-2010s-paste.html,2010.0
Caribou,Our Love,71,2014.0,https://www.pastemagazine.com/articles/2019/10/best-albums-of-the-2010s-paste.html,2014.0
Destroyer,Kaputt,70,2011.0,https://www.pastemagazine.com/articles/2019/10/best-albums-of-the-2010s-paste.html,2011.0
Leon Bridges,Coming Home,69,2015.0,https://www.pastemagazine.com/articles/2019/10/best-albums-of-the-2010s-paste.html,2015.0
The Decemberists,The King is Dead,68,2011.0,https://www.pastemagazine.com/articles/2019/10/best-albums-of-the-2010s-paste.html,2011.0
Cardi B,Invasion of Privacy,67,2018.0,https://www.pastemagazine.com/articles/2019/10/best-albums-of-the-2010s-paste.html,2018.0
Girls,"Father, Son, Holy Ghost",66,2011.0,https://www.pastemagazine.com/articles/2019/10/best-albums-of-the-2010s-paste.html,2011.0
Future Islands,Singles,65,2014.0,https://www.pastemagazine.com/articles/2019/10/best-albums-of-the-2010s-paste.html,2014.0
D’Angelo and the Vanguard,Black Messiah,64,2014.0,https://www.pastemagazine.com/articles/2019/10/best-albums-of-the-2010s-paste.html,2014.0
Haim,Days Are Gone,63,2013.0,https://www.pastemagazine.com/articles/2019/10/best-albums-of-the-2010s-paste.html,2013.0
FKA twigs,LP1,62,2014.0,https://www.pastemagazine.com/articles/2019/10/best-albums-of-the-2010s-paste.html,2014.0
Blood Orange,Cupid Deluxe,61,2013.0,https://www.pastemagazine.com/articles/2019/10/best-albums-of-the-2010s-paste.html,2013.0
Lorde,Pure Heroine,60,2013.0,https://www.pastemagazine.com/articles/2019/10/best-albums-of-the-2010s-paste.html,2013.0
Iceage,You’re Nothing,59,2013.0,https://www.pastemagazine.com/articles/2019/10/best-albums-of-the-2010s-paste.html,2013.0
(Sandy) Alex G,Rocket,58,2017.0,https://www.pastemagazine.com/articles/2019/10/best-albums-of-the-2010s-paste.html,2017.0
Noname,Telefone,57,2016.0,https://www.pastemagazine.com/articles/2019/10/best-albums-of-the-2010s-paste.html,2016.0
Jamie xx,In Colour,56,2015.0,https://www.pastemagazine.com/articles/2019/10/best-albums-of-the-2010s-paste.html,2015.0
Adele,21,55,2011.0,https://www.pastemagazine.com/articles/2019/10/best-albums-of-the-2010s-paste.html,2011.0
Whitney,Light Upon the Lake,54,2016.0,https://www.pastemagazine.com/articles/2019/10/best-albums-of-the-2010s-paste.html,2016.0
Kendrick Lamar,"Good Kid, M.A.A.D City",53,2012.0,https://www.pastemagazine.com/articles/2019/10/best-albums-of-the-2010s-paste.html,2012.0
Anderson .Paak,Malibu,52,2017.0,https://www.pastemagazine.com/articles/2019/10/best-albums-of-the-2010s-paste.html,2017.0
Sleater-Kinney,No Cities to Love,51,2015.0,https://www.pastemagazine.com/articles/2019/10/best-albums-of-the-2010s-paste.html,2015.0
Taylor Swift,1989,50,2014.0,https://www.pastemagazine.com/articles/2019/10/best-albums-of-the-2010s-paste.html,2014.0
A Tribe Called Quest,We got it from Here… Thank You 4 Your service,49,2016.0,https://www.pastemagazine.com/articles/2019/10/best-albums-of-the-2010s-paste.html,2016.0
Alabama Shakes,Boys & Girls,48,2012.0,https://www.pastemagazine.com/articles/2019/10/best-albums-of-the-2010s-paste.html,2012.0
Vince Staples,Summertime ‘06,47,2015.0,https://www.pastemagazine.com/articles/2019/10/best-albums-of-the-2010s-paste.html,2015.0
Chance the Rapper,Coloring Book,46,2016.0,https://www.pastemagazine.com/articles/2019/10/best-albums-of-the-2010s-paste.html,2016.0
Snail Mail,Lush,45,2018.0,https://www.pastemagazine.com/articles/2019/10/best-albums-of-the-2010s-paste.html,2018.0
Tame Impala,Lonerism,44,2012.0,https://www.pastemagazine.com/articles/2019/10/best-albums-of-the-2010s-paste.html,2012.0
Weyes Blood,Titanic Rising,43,2019.0,https://www.pastemagazine.com/articles/2019/10/best-albums-of-the-2010s-paste.html,2019.0
Janelle Monáe,Dirty Computer,42,2018.0,https://www.pastemagazine.com/articles/2019/10/best-albums-of-the-2010s-paste.html,2018.0
Japandroids,Celebration Rock,41,2012.0,https://www.pastemagazine.com/articles/2019/10/best-albums-of-the-2010s-paste.html,2012.0
Beyoncé,Beyoncé,40,2013.0,https://www.pastemagazine.com/articles/2019/10/best-albums-of-the-2010s-paste.html,2013.0
Fleet Foxes,Helplessness Blues,39,2011.0,https://www.pastemagazine.com/articles/2019/10/best-albums-of-the-2010s-paste.html,2011.0
Sharon Van Etten,Are We There,38,2014.0,https://www.pastemagazine.com/articles/2019/10/best-albums-of-the-2010s-paste.html,2014.0
Car Seat Headrest,Teens of Denial,37,2016.0,https://www.pastemagazine.com/articles/2019/10/best-albums-of-the-2010s-paste.html,2016.0
Jay Som,Everybody Works,36,2017.0,https://www.pastemagazine.com/articles/2019/10/best-albums-of-the-2010s-paste.html,2017.0
Rihanna,ANTI,35,2016.0,https://www.pastemagazine.com/articles/2019/10/best-albums-of-the-2010s-paste.html,2016.0
Phoebe Bridgers,Stranger in the Alps,34,2017.0,https://www.pastemagazine.com/articles/2019/10/best-albums-of-the-2010s-paste.html,2017.0
The National,Trouble Will Find Me,33,2013.0,https://www.pastemagazine.com/articles/2019/10/best-albums-of-the-2010s-paste.html,2013.0
Daft Punk,Random Access Memories,32,2013.0,https://www.pastemagazine.com/articles/2019/10/best-albums-of-the-2010s-paste.html,2013.0
Jason Isbell,Southeastern,31,2013.0,https://www.pastemagazine.com/articles/2019/10/best-albums-of-the-2010s-paste.html,2013.0
St. Vincent,St. Vincent,30,2014.0,https://www.pastemagazine.com/articles/2019/10/best-albums-of-the-2010s-paste.html,2014.0
Tame Impala,Currents,29,2015.0,https://www.pastemagazine.com/articles/2019/10/best-albums-of-the-2010s-paste.html,2015.0
Bon Iver,Bon Iver,28,2011.0,https://www.pastemagazine.com/articles/2019/10/best-albums-of-the-2010s-paste.html,2011.0
Lin-Manuel Miranda,Hamilton: Original Broadway Cast Recording,27,2015.0,https://www.pastemagazine.com/articles/2019/10/best-albums-of-the-2010s-paste.html,2015.0
Sufjan Stevens,Carrie & Lowell,26,2015.0,https://www.pastemagazine.com/articles/2019/10/best-albums-of-the-2010s-paste.html,2015.0
Kanye West,Yeezus,25,2013.0,https://www.pastemagazine.com/articles/2019/10/best-albums-of-the-2010s-paste.html,2013.0
The War on Drugs,Lost in the Dream,24,2014.0,https://www.pastemagazine.com/articles/2019/10/best-albums-of-the-2010s-paste.html,2014.0
Mitski,Puberty 2,23,2016.0,https://www.pastemagazine.com/articles/2019/10/best-albums-of-the-2010s-paste.html,2016.0
Father John Misty,I Love You Honeybear,22,2015.0,https://www.pastemagazine.com/articles/2019/10/best-albums-of-the-2010s-paste.html,2015.0
Arcade Fire,The Suburbs,21,2010.0,https://www.pastemagazine.com/articles/2019/10/best-albums-of-the-2010s-paste.html,2010.0
Lucy Dacus,Historian,20,2018.0,https://www.pastemagazine.com/articles/2019/10/best-albums-of-the-2010s-paste.html,2018.0
Alvvays,Antisocialites,19,2017.0,https://www.pastemagazine.com/articles/2019/10/best-albums-of-the-2010s-paste.html,2017.0
Robyn,Body Talk,18,2010.0,https://www.pastemagazine.com/articles/2019/10/best-albums-of-the-2010s-paste.html,2010.0
Radiohead,A Moon Shaped Pool,17,2016.0,https://www.pastemagazine.com/articles/2019/10/best-albums-of-the-2010s-paste.html,2016.0
Beach House,Teen Dream,16,2010.0,https://www.pastemagazine.com/articles/2019/10/best-albums-of-the-2010s-paste.html,2010.0
Angel Olsen,My Woman,15,2016.0,https://www.pastemagazine.com/articles/2019/10/best-albums-of-the-2010s-paste.html,2016.0
David Bowie,Blackstar,14,2016.0,https://www.pastemagazine.com/articles/2019/10/best-albums-of-the-2010s-paste.html,2016.0
Solange,A Seat At The Table,13,2016.0,https://www.pastemagazine.com/articles/2019/10/best-albums-of-the-2010s-paste.html,2016.0
Kendrick Lamar,DAMN.,12,2017.0,https://www.pastemagazine.com/articles/2019/10/best-albums-of-the-2010s-paste.html,2017.0
Vampire Weekend,Modern Vampires of the City,11,2013.0,https://www.pastemagazine.com/articles/2019/10/best-albums-of-the-2010s-paste.html,2013.0
SZA,Ctrl,10,2017.0,https://www.pastemagazine.com/articles/2019/10/best-albums-of-the-2010s-paste.html,2017.0
Kacey Musgraves,Golden Hour,9,2018.0,https://www.pastemagazine.com/articles/2019/10/best-albums-of-the-2010s-paste.html,2018.0
Carly Rae Jepsen,Emotion,8,2015.0,https://www.pastemagazine.com/articles/2019/10/best-albums-of-the-2010s-paste.html,2015.0
Frank Ocean,Blonde,7,2016.0,https://www.pastemagazine.com/articles/2019/10/best-albums-of-the-2010s-paste.html,2016.0
Courtney Barnett,"Sometimes I Sit and Think, and Sometimes I Just Sit",6,2015.0,https://www.pastemagazine.com/articles/2019/10/best-albums-of-the-2010s-paste.html,2015.0
Frank Ocean,channel Orange,5,2012.0,https://www.pastemagazine.com/articles/2019/10/best-albums-of-the-2010s-paste.html,2012.0
Kanye West,My Beautiful Dark Twisted Fantasy,4,2010.0,https://www.pastemagazine.com/articles/2019/10/best-albums-of-the-2010s-paste.html,2010.0
LCD Soundsystem,This Is Happening,3,2010.0,https://www.pastemagazine.com/articles/2019/10/best-albums-of-the-2010s-paste.html,2010.0
Beyoncé,Lemonade,2,2016.0,https://www.pastemagazine.com/articles/2019/10/best-albums-of-the-2010s-paste.html,2016.0
Kendrick Lamar,To Pimp A Butterfly,1,2015.0,https://www.pastemagazine.com/articles/2019/10/best-albums-of-the-2010s-paste.html,2015.0
Justin Bieber,Purpose,100,,https://genius.com/a/the-genius-communitys-100-best-albums-of-the-2010s,2015
Katy Perry,Teenage Dream,99,,https://genius.com/a/the-genius-communitys-100-best-albums-of-the-2010s,2010
Bon Iver,"Bon Iver, Bon Iver",98,,https://genius.com/a/the-genius-communitys-100-best-albums-of-the-2010s,2011
Billie Eilish,"WHEN WE ALL FALL ASLEEP, WHERE DO WE GO?",97,,https://genius.com/a/the-genius-communitys-100-best-albums-of-the-2010s,
Schoolboy Q,Oxymoron,96,,https://genius.com/a/the-genius-communitys-100-best-albums-of-the-2010s,
Ariana Grande,Dangerous Woman,95,,https://genius.com/a/the-genius-communitys-100-best-albums-of-the-2010s,
Isaiah Rashad,Cilvia Demo,94,,https://genius.com/a/the-genius-communitys-100-best-albums-of-the-2010s,
alt-j,An Awesome Wave,93,,https://genius.com/a/the-genius-communitys-100-best-albums-of-the-2010s,
Flying Lotus,Cosmogramma,92,,https://genius.com/a/the-genius-communitys-100-best-albums-of-the-2010s,2010
Logic,Under Pressure,91,,https://genius.com/a/the-genius-communitys-100-best-albums-of-the-2010s,
Noname,Telefone,90,,https://genius.com/a/the-genius-communitys-100-best-albums-of-the-2010s,2016
Kali Uchis,Isolation,89,,https://genius.com/a/the-genius-communitys-100-best-albums-of-the-2010s,
Big Sean,Dark Sky Paradise,88,,https://genius.com/a/the-genius-communitys-100-best-albums-of-the-2010s,
Mitski,Be the Cowboy,87,,https://genius.com/a/the-genius-communitys-100-best-albums-of-the-2010s,2018
Alabama Shakes,Sound & Color,86,,https://genius.com/a/the-genius-communitys-100-best-albums-of-the-2010s,2015
Waka Flocka Flame,Flockaveli,85,,https://genius.com/a/the-genius-communitys-100-best-albums-of-the-2010s,2010
St. Vincent,MASSEDUCTION,84,,https://genius.com/a/the-genius-communitys-100-best-albums-of-the-2010s,
Daughters,You Won’t Get What You Want,83,,https://genius.com/a/the-genius-communitys-100-best-albums-of-the-2010s,
Migos,Culture,82,,https://genius.com/a/the-genius-communitys-100-best-albums-of-the-2010s,
Vince Staples,Big Fish Theory,81,,https://genius.com/a/the-genius-communitys-100-best-albums-of-the-2010s,2017
BTS,You Never Walk Alone,80,,https://genius.com/a/the-genius-communitys-100-best-albums-of-the-2010s,
Nicki Minaj,The Pinkprint,79,,https://genius.com/a/the-genius-communitys-100-best-albums-of-the-2010s,2014
Car Seat Headrest,Twin Fantasy (Face to Face),78,,https://genius.com/a/the-genius-communitys-100-best-albums-of-the-2010s,
Post Malone,Stoney,77,,https://genius.com/a/the-genius-communitys-100-best-albums-of-the-2010s,
Lupe Fiasco,Tetsuo & Youth,76,,https://genius.com/a/the-genius-communitys-100-best-albums-of-the-2010s,
BIGBANG,MADE,75,,https://genius.com/a/the-genius-communitys-100-best-albums-of-the-2010s,
Kids See Ghosts,KIDS SEE GHOSTS,74,,https://genius.com/a/the-genius-communitys-100-best-albums-of-the-2010s,
Taylor Swift,Red,73,,https://genius.com/a/the-genius-communitys-100-best-albums-of-the-2010s,2012
Travis Scott,ASTROWORLD,72,,https://genius.com/a/the-genius-communitys-100-best-albums-of-the-2010s,2018
Arcade Fire,The Suburbs,71,,https://genius.com/a/the-genius-communitys-100-best-albums-of-the-2010s,2010
Chief Keef,Finally Rich,70,,https://genius.com/a/the-genius-communitys-100-best-albums-of-the-2010s,2012
Imagine Dragons,Night Visions,69,,https://genius.com/a/the-genius-communitys-100-best-albums-of-the-2010s,
Schoolboy Q,Blank Face LP,68,,https://genius.com/a/the-genius-communitys-100-best-albums-of-the-2010s,
Jamie xx,In Colour,67,,https://genius.com/a/the-genius-communitys-100-best-albums-of-the-2010s,2015
Meek Mill,Dreamchasers 2,66,,https://genius.com/a/the-genius-communitys-100-best-albums-of-the-2010s,2012
Skepta,Konnichiwa,65,,https://genius.com/a/the-genius-communitys-100-best-albums-of-the-2010s,
Tame Impala,Currents,64,,https://genius.com/a/the-genius-communitys-100-best-albums-of-the-2010s,2015
Rich Gang,Rich Gang: Tha Tour Pt. 1,63,,https://genius.com/a/the-genius-communitys-100-best-albums-of-the-2010s,
BROCKHAMPTON,SATURATION III,62,,https://genius.com/a/the-genius-communitys-100-best-albums-of-the-2010s,
Lorde,Melodrama,61,,https://genius.com/a/the-genius-communitys-100-best-albums-of-the-2010s,2017
Björk,Vulnicura,60,,https://genius.com/a/the-genius-communitys-100-best-albums-of-the-2010s,2015
"Tyler, The Creator",Flower Boy,59,,https://genius.com/a/the-genius-communitys-100-best-albums-of-the-2010s,2017
Mac Miller,Watching Movies With The Sound Off,58,,https://genius.com/a/the-genius-communitys-100-best-albums-of-the-2010s,
Playboi Carti,Die Lit,57,,https://genius.com/a/the-genius-communitys-100-best-albums-of-the-2010s,
Kid Cudi,Man On the Moon II: The Legend of Mr. Rager,56,,https://genius.com/a/the-genius-communitys-100-best-albums-of-the-2010s,
Denzel Curry,TA1300,55,,https://genius.com/a/the-genius-communitys-100-best-albums-of-the-2010s,
ROSALÍA,El Mal Querer,54,,https://genius.com/a/the-genius-communitys-100-best-albums-of-the-2010s,2018
Rick Ross,Teflon Don,53,,https://genius.com/a/the-genius-communitys-100-best-albums-of-the-2010s,
Joey Bada$$,1999,52,,https://genius.com/a/the-genius-communitys-100-best-albums-of-the-2010s,
Travis Scott,Rodeo,51,,https://genius.com/a/the-genius-communitys-100-best-albums-of-the-2010s,
Lorde,Pure Heroine,50,,https://genius.com/a/the-genius-communitys-100-best-albums-of-the-2010s,2013
Drake,If You’re Reading This It’s Too Late,49,,https://genius.com/a/the-genius-communitys-100-best-albums-of-the-2010s,
Grimes,Visions,48,,https://genius.com/a/the-genius-communitys-100-best-albums-of-the-2010s,2012
Run The Jewels,Run The Jewels 2,47,,https://genius.com/a/the-genius-communitys-100-best-albums-of-the-2010s,2014
Disclosure,Settle,46,,https://genius.com/a/the-genius-communitys-100-best-albums-of-the-2010s,2013
Freddie Gibbs & Madlib,Piñata,45,,https://genius.com/a/the-genius-communitys-100-best-albums-of-the-2010s,
YG,My Krazy Life,44,,https://genius.com/a/the-genius-communitys-100-best-albums-of-the-2010s,
Kanye West,Yeezus,43,,https://genius.com/a/the-genius-communitys-100-best-albums-of-the-2010s,2013
Kendrick Lamar,DAMN,42,,https://genius.com/a/the-genius-communitys-100-best-albums-of-the-2010s,
Bruno Mars,Doo-Wops & Hooligans,41,,https://genius.com/a/the-genius-communitys-100-best-albums-of-the-2010s,
Danny Brown,Atrocity Exhibition,40,,https://genius.com/a/the-genius-communitys-100-best-albums-of-the-2010s,
Tame Impala,Lonerism,39,,https://genius.com/a/the-genius-communitys-100-best-albums-of-the-2010s,2012
Kacey Musgraves,Golden Hour,38,,https://genius.com/a/the-genius-communitys-100-best-albums-of-the-2010s,2018
J. Cole,2014 Forest Hills Drive,37,,https://genius.com/a/the-genius-communitys-100-best-albums-of-the-2010s,2014
Vampire Weekend,Modern Vampires of the City,36,,https://genius.com/a/the-genius-communitys-100-best-albums-of-the-2010s,2013
A$AP Rocky,LIVE.LOVE.A$AP,35,,https://genius.com/a/the-genius-communitys-100-best-albums-of-the-2010s,2011
Adele,21,34,,https://genius.com/a/the-genius-communitys-100-best-albums-of-the-2010s,2011
Rae Sremmurd,SremmLife,33,,https://genius.com/a/the-genius-communitys-100-best-albums-of-the-2010s,2015
Drake,Nothing Was The Same,32,,https://genius.com/a/the-genius-communitys-100-best-albums-of-the-2010s,
Daft Punk,Random Access Memories,31,,https://genius.com/a/the-genius-communitys-100-best-albums-of-the-2010s,2013
Carly Rae Jepsen,E•MO•TION,30,,https://genius.com/a/the-genius-communitys-100-best-albums-of-the-2010s,2015
Young Thug,Barter 6,29,,https://genius.com/a/the-genius-communitys-100-best-albums-of-the-2010s,2015
D'Angelo,The Black Messiah,28,,https://genius.com/a/the-genius-communitys-100-best-albums-of-the-2010s,
Death Grips,The Money Store,27,,https://genius.com/a/the-genius-communitys-100-best-albums-of-the-2010s,2012
A Tribe Called Quest,We got it from Here…Thank You 4 Your service,26,,https://genius.com/a/the-genius-communitys-100-best-albums-of-the-2010s,
"Tyler, The Creator",IGOR,25,,https://genius.com/a/the-genius-communitys-100-best-albums-of-the-2010s,2019
Lana Del Rey,Born to Die: The Paradise Edition,24,,https://genius.com/a/the-genius-communitys-100-best-albums-of-the-2010s,
Childish Gambino,Because The Internet,23,,https://genius.com/a/the-genius-communitys-100-best-albums-of-the-2010s,
David Bowie,★ (Blackstar),22,,https://genius.com/a/the-genius-communitys-100-best-albums-of-the-2010s,
Taylor Swift,1989,21,,https://genius.com/a/the-genius-communitys-100-best-albums-of-the-2010s,2014
Danny Brown,XXX,20,,https://genius.com/a/the-genius-communitys-100-best-albums-of-the-2010s,2011
Anderson .Paak,Malibu,19,,https://genius.com/a/the-genius-communitys-100-best-albums-of-the-2010s,2016
Janelle Monáe,Dirty Computer,18,,https://genius.com/a/the-genius-communitys-100-best-albums-of-the-2010s,2018
JAY-Z,4:44,17,,https://genius.com/a/the-genius-communitys-100-best-albums-of-the-2010s,2017
Pusha T,DAYTONA,16,,https://genius.com/a/the-genius-communitys-100-best-albums-of-the-2010s,
The Weeknd,House of Balloons,15,,https://genius.com/a/the-genius-communitys-100-best-albums-of-the-2010s,2011
Future,DS2,14,,https://genius.com/a/the-genius-communitys-100-best-albums-of-the-2010s,2015
JAY-Z & Kanye West,Watch The Throne,13,,https://genius.com/a/the-genius-communitys-100-best-albums-of-the-2010s,
Frank Ocean,channel ORANGE,12,,https://genius.com/a/the-genius-communitys-100-best-albums-of-the-2010s,
Beyoncé,Beyoncé,11,,https://genius.com/a/the-genius-communitys-100-best-albums-of-the-2010s,2013
Kendrick Lamar,"good kid, m.A.A.d city",10,,https://genius.com/a/the-genius-communitys-100-best-albums-of-the-2010s,2012
Solange,A Seat At The Table,9,,https://genius.com/a/the-genius-communitys-100-best-albums-of-the-2010s,2016
Chance The Rapper,Acid Rap,8,,https://genius.com/a/the-genius-communitys-100-best-albums-of-the-2010s,2013
SZA,Ctrl,7,,https://genius.com/a/the-genius-communitys-100-best-albums-of-the-2010s,2017
Rihanna,ANTi,6,,https://genius.com/a/the-genius-communitys-100-best-albums-of-the-2010s,
Drake,Take Care,5,,https://genius.com/a/the-genius-communitys-100-best-albums-of-the-2010s,2011
Beyoncé,Lemonade,4,,https://genius.com/a/the-genius-communitys-100-best-albums-of-the-2010s,2016
Frank Ocean,Blonde,3,,https://genius.com/a/the-genius-communitys-100-best-albums-of-the-2010s,2016
Kendrick Lamar,To Pimp A Butterfly,2,,https://genius.com/a/the-genius-communitys-100-best-albums-of-the-2010s,2015
Kanye West,My Beautiful Dark Twisted Fantasy,1,,https://genius.com/a/the-genius-communitys-100-best-albums-of-the-2010s,2010
The War on Drugs,A Deeper Understanding,100,,https://www.rollingstone.com/music/music-lists/best-albums-2010s-ranked-913997/,
Lana Del Rey,Ultraviolence,99,,https://www.rollingstone.com/music/music-lists/best-albums-2010s-ranked-913997/,2014
John Prine,The Tree of Forgiveness,98,,https://www.rollingstone.com/music/music-lists/best-albums-2010s-ranked-913997/,
Rich Gang,Tha Tour Part 1,97,,https://www.rollingstone.com/music/music-lists/best-albums-2010s-ranked-913997/,
Low Cut Connie,Call Me Sylvia,96,,https://www.rollingstone.com/music/music-lists/best-albums-2010s-ranked-913997/,
Future,Monster,95,,https://www.rollingstone.com/music/music-lists/best-albums-2010s-ranked-913997/,
Sheer Mag,Need to Feel Your Love,94,,https://www.rollingstone.com/music/music-lists/best-albums-2010s-ranked-913997/,
U2,Songs of Innocence,93,,https://www.rollingstone.com/music/music-lists/best-albums-2010s-ranked-913997/,
Vampire Weekend,Father of the Bride,92,,https://www.rollingstone.com/music/music-lists/best-albums-2010s-ranked-913997/,
Tierra Whack,Whack World,91,,https://www.rollingstone.com/music/music-lists/best-albums-2010s-ranked-913997/,2018
Neil Young and Crazy Horse,Psychedelic Pill,90,,https://www.rollingstone.com/music/music-lists/best-albums-2010s-ranked-913997/,
Joanna Newsom,Have One on Me,89,,https://www.rollingstone.com/music/music-lists/best-albums-2010s-ranked-913997/,2010
Arctic Monkeys,AM,88,,https://www.rollingstone.com/music/music-lists/best-albums-2010s-ranked-913997/,2013
Nick Cave and the Bad Seeds,Ghosteen,87,,https://www.rollingstone.com/music/music-lists/best-albums-2010s-ranked-913997/,2019
Angel Olsen,My Woman,86,,https://www.rollingstone.com/music/music-lists/best-albums-2010s-ranked-913997/,2016
Metallica,Hardwired … to Self-Destruct,85,,https://www.rollingstone.com/music/music-lists/best-albums-2010s-ranked-913997/,
Jamie XX,In Color,84,,https://www.rollingstone.com/music/music-lists/best-albums-2010s-ranked-913997/,
Eric Church,Chief,83,,https://www.rollingstone.com/music/music-lists/best-albums-2010s-ranked-913997/,
Kamasi Washington,The Epic,82,,https://www.rollingstone.com/music/music-lists/best-albums-2010s-ranked-913997/,2015
Brandi Carlile,"By The Way, I Forgive You",81,,https://www.rollingstone.com/music/music-lists/best-albums-2010s-ranked-913997/,
Stephen Malkmus and the Jicks,Mirror Traffic,80,,https://www.rollingstone.com/music/music-lists/best-albums-2010s-ranked-913997/,
Kesha,Rainbow,79,,https://www.rollingstone.com/music/music-lists/best-albums-2010s-ranked-913997/,2017
Soccer Mommy,Clean,78,,https://www.rollingstone.com/music/music-lists/best-albums-2010s-ranked-913997/,2018
The Highwomen,The Highwomen,77,,https://www.rollingstone.com/music/music-lists/best-albums-2010s-ranked-913997/,
Frank Ocean,Nostalgia Ultra,76,,https://www.rollingstone.com/music/music-lists/best-albums-2010s-ranked-913997/,
Father John Misty,"I Love You, Honeybear",75,,https://www.rollingstone.com/music/music-lists/best-albums-2010s-ranked-913997/,2015
Pusha T,Daytona,74,,https://www.rollingstone.com/music/music-lists/best-albums-2010s-ranked-913997/,2018
Jenny Lewis,On the Line,73,,https://www.rollingstone.com/music/music-lists/best-albums-2010s-ranked-913997/,
Jack White,Blunderbuss,72,,https://www.rollingstone.com/music/music-lists/best-albums-2010s-ranked-913997/,
Grimes,Art Angels,71,,https://www.rollingstone.com/music/music-lists/best-albums-2010s-ranked-913997/,2015
Drake,If You’re Reading This It’s Too Late,70,,https://www.rollingstone.com/music/music-lists/best-albums-2010s-ranked-913997/,
Lizzo,Cuz I Love You,69,,https://www.rollingstone.com/music/music-lists/best-albums-2010s-ranked-913997/,2019
Florence + the Machine,"How Big, How Blue, How Beautiful",68,,https://www.rollingstone.com/music/music-lists/best-albums-2010s-ranked-913997/,2015
Bad Bunny,X 100Pre,67,,https://www.rollingstone.com/music/music-lists/best-albums-2010s-ranked-913997/,
Kendrick Lamar,Good Kid…m.A.A.d City,66,,https://www.rollingstone.com/music/music-lists/best-albums-2010s-ranked-913997/,
St. Vincent,St. Vincent,65,,https://www.rollingstone.com/music/music-lists/best-albums-2010s-ranked-913997/,2014
Sharon Van Etten,Are We There,64,,https://www.rollingstone.com/music/music-lists/best-albums-2010s-ranked-913997/,2014
Janelle Monáe,Dirty Computer,63,,https://www.rollingstone.com/music/music-lists/best-albums-2010s-ranked-913997/,2018
Paul McCartney,Egypt Station,62,,https://www.rollingstone.com/music/music-lists/best-albums-2010s-ranked-913997/,
Waxahatchee,Cerulean Salt,61,,https://www.rollingstone.com/music/music-lists/best-albums-2010s-ranked-913997/,2013
Nicki Minaj,The Pinkprint,60,,https://www.rollingstone.com/music/music-lists/best-albums-2010s-ranked-913997/,2014
Harry Styles,Harry Styles,59,,https://www.rollingstone.com/music/music-lists/best-albums-2010s-ranked-913997/,
Miranda Lambert,The Weight of These Wings,58,,https://www.rollingstone.com/music/music-lists/best-albums-2010s-ranked-913997/,2016
Alabama Shakes,Boys & Girls,57,,https://www.rollingstone.com/music/music-lists/best-albums-2010s-ranked-913997/,2012
Sky Ferreira,"Night Time, My Time",56,,https://www.rollingstone.com/music/music-lists/best-albums-2010s-ranked-913997/,2013
Daft Punk,Random Access Memories,55,,https://www.rollingstone.com/music/music-lists/best-albums-2010s-ranked-913997/,2013
Japandroids,Celebration Rock,54,,https://www.rollingstone.com/music/music-lists/best-albums-2010s-ranked-913997/,2012
Fiona Apple,The Idler Wheel …,53,,https://www.rollingstone.com/music/music-lists/best-albums-2010s-ranked-913997/,
Khalid,American Teen,52,,https://www.rollingstone.com/music/music-lists/best-albums-2010s-ranked-913997/,
Arcade Fire,The Suburbs,51,,https://www.rollingstone.com/music/music-lists/best-albums-2010s-ranked-913997/,2010
Carly Rae Jepsen,Emotion,50,,https://www.rollingstone.com/music/music-lists/best-albums-2010s-ranked-913997/,2015
Jay-Z and Kanye West,Watch the Throne,49,,https://www.rollingstone.com/music/music-lists/best-albums-2010s-ranked-913997/,2011
Leonard Cohen,You Want It Darker,48,,https://www.rollingstone.com/music/music-lists/best-albums-2010s-ranked-913997/,2016
Bon Iver,"22, A Million",47,,https://www.rollingstone.com/music/music-lists/best-albums-2010s-ranked-913997/,2016
Bruce Springsteen,Wrecking Ball,46,,https://www.rollingstone.com/music/music-lists/best-albums-2010s-ranked-913997/,
‘Hamilton’ Original Broadway Cast Recording,Hamilton,45,,https://www.rollingstone.com/music/music-lists/best-albums-2010s-ranked-913997/,
Haim,Days Are Gone,44,,https://www.rollingstone.com/music/music-lists/best-albums-2010s-ranked-913997/,2013
Bob Dylan,Tempest,43,,https://www.rollingstone.com/music/music-lists/best-albums-2010s-ranked-913997/,
Miranda Lambert,Platinum,42,,https://www.rollingstone.com/music/music-lists/best-albums-2010s-ranked-913997/,
Sturgill Simpson,A Sailor’s Guide to Earth,41,,https://www.rollingstone.com/music/music-lists/best-albums-2010s-ranked-913997/,
SZA,CTRL,40,,https://www.rollingstone.com/music/music-lists/best-albums-2010s-ranked-913997/,2017
Rosalía,l Mal Quere,39,,https://www.rollingstone.com/music/music-lists/best-albums-2010s-ranked-913997/,
Chance the Rapper,Coloring Book,38,,https://www.rollingstone.com/music/music-lists/best-albums-2010s-ranked-913997/,2016
Frank Ocean,Channel Orange,37,,https://www.rollingstone.com/music/music-lists/best-albums-2010s-ranked-913997/,2012
Randy Newman,Dark Matter,36,,https://www.rollingstone.com/music/music-lists/best-albums-2010s-ranked-913997/,
D’Angelo,Black Messiah,35,,https://www.rollingstone.com/music/music-lists/best-albums-2010s-ranked-913997/,2014
Cardi B,Invasion of Privacy,34,,https://www.rollingstone.com/music/music-lists/best-albums-2010s-ranked-913997/,2018
Mitski,Be the Cowboy,33,,https://www.rollingstone.com/music/music-lists/best-albums-2010s-ranked-913997/,2018
Lana Del Rey,Norman Fucking Rockwell!,32,,https://www.rollingstone.com/music/music-lists/best-albums-2010s-ranked-913997/,2019
Billie Eilish,"When We All Fall Asleep, Where Do We Go?",31,,https://www.rollingstone.com/music/music-lists/best-albums-2010s-ranked-913997/,2019
Ariana Grande,"Thank U, Next",30,,https://www.rollingstone.com/music/music-lists/best-albums-2010s-ranked-913997/,
Car Seat Headrest,Teens of Denial,29,,https://www.rollingstone.com/music/music-lists/best-albums-2010s-ranked-913997/,2016
Jason Isbell,Southeastern,28,,https://www.rollingstone.com/music/music-lists/best-albums-2010s-ranked-913997/,2013
Kendrick Lamar,Damn.,27,,https://www.rollingstone.com/music/music-lists/best-albums-2010s-ranked-913997/,
Beyoncé,Beyoncé,26,,https://www.rollingstone.com/music/music-lists/best-albums-2010s-ranked-913997/,2013
Rihanna,Anti,25,,https://www.rollingstone.com/music/music-lists/best-albums-2010s-ranked-913997/,2016
Vampire Weekend,Modern Vampires of the City,24,,https://www.rollingstone.com/music/music-lists/best-albums-2010s-ranked-913997/,2013
Robyn,Body Talk,23,,https://www.rollingstone.com/music/music-lists/best-albums-2010s-ranked-913997/,2010
Radiohead,A Moon Shaped Pool,22,,https://www.rollingstone.com/music/music-lists/best-albums-2010s-ranked-913997/,2016
Courtney Barnett,"Sometimes I Sit and Think, and Sometimes I Just Sit",21,,https://www.rollingstone.com/music/music-lists/best-albums-2010s-ranked-913997/,2015
Solange,A Seat at the Table,20,,https://www.rollingstone.com/music/music-lists/best-albums-2010s-ranked-913997/,2016
Taylor Swift,1989,19,,https://www.rollingstone.com/music/music-lists/best-albums-2010s-ranked-913997/,2014
Paul Simon,So Beautiful or So What,18,,https://www.rollingstone.com/music/music-lists/best-albums-2010s-ranked-913997/,
Chance the Rapper,Acid Rap,17,,https://www.rollingstone.com/music/music-lists/best-albums-2010s-ranked-913997/,2013
Parquet Courts,Light Up Gold,16,,https://www.rollingstone.com/music/music-lists/best-albums-2010s-ranked-913997/,2012
J Balvin,Vibras,15,,https://www.rollingstone.com/music/music-lists/best-albums-2010s-ranked-913997/,2017
The Black Keys,Brothers,14,,https://www.rollingstone.com/music/music-lists/best-albums-2010s-ranked-913997/,2010
Kanye West,Yeezus,13,,https://www.rollingstone.com/music/music-lists/best-albums-2010s-ranked-913997/,2013
Frank Ocean,Blonde,12,,https://www.rollingstone.com/music/music-lists/best-albums-2010s-ranked-913997/,2016
Kacey Musgraves,Golden Hour,11,,https://www.rollingstone.com/music/music-lists/best-albums-2010s-ranked-913997/,2018
LCD Soundsystem,This Is Happening,10,,https://www.rollingstone.com/music/music-lists/best-albums-2010s-ranked-913997/,2010
Pistol Annies,Interstate Gospel,9,,https://www.rollingstone.com/music/music-lists/best-albums-2010s-ranked-913997/,
Adele,21,8,,https://www.rollingstone.com/music/music-lists/best-albums-2010s-ranked-913997/,2011
Lorde,Melodrama,7,,https://www.rollingstone.com/music/music-lists/best-albums-2010s-ranked-913997/,2017
Drake,Take Care,6,,https://www.rollingstone.com/music/music-lists/best-albums-2010s-ranked-913997/,2011
David Bowie,Blackstar,5,,https://www.rollingstone.com/music/music-lists/best-albums-2010s-ranked-913997/,2016
Taylor Swift,Red,4,,https://www.rollingstone.com/music/music-lists/best-albums-2010s-ranked-913997/,2012
Kendrick Lamar,To Pimp a Butterfly,3,,https://www.rollingstone.com/music/music-lists/best-albums-2010s-ranked-913997/,2015
Beyoncé,Lemonade,2,,https://www.rollingstone.com/music/music-lists/best-albums-2010s-ranked-913997/,2016
Kanye West,My Beautiful Dark Twisted Fantasy,1,,https://www.rollingstone.com/music/music-lists/best-albums-2010s-ranked-913997/,2010
