artist,album,rank,year,reviewer_url
Ratking,So It Goes,200,2014,https://pitchfork.com/features/lists-and-guides/the-200-best-albums-of-the-2010s/
Wu Lyf,Go Tell Fire to the Mountain,199,2011,https://pitchfork.com/features/lists-and-guides/the-200-best-albums-of-the-2010s/
Jean Grae / Quelle Chris,Everything’s Fine,198,2018,https://pitchfork.com/features/lists-and-guides/the-200-best-albums-of-the-2010s/
Fatima Al Qadiri,Genre-Specific Xperience,197,2011,https://pitchfork.com/features/lists-and-guides/the-200-best-albums-of-the-2010s/
Portal,Vexovoid,196,2013,https://pitchfork.com/features/lists-and-guides/the-200-best-albums-of-the-2010s/
Downtown Boys,Full Communism,195,2015,https://pitchfork.com/features/lists-and-guides/the-200-best-albums-of-the-2010s/
Titus Andronicus,The Monitor,194,2010,https://pitchfork.com/features/lists-and-guides/the-200-best-albums-of-the-2010s/
Lil Peep,Hellboy,193,2016,https://pitchfork.com/features/lists-and-guides/the-200-best-albums-of-the-2010s/
Kelela,Cut 4 Me,192,2013,https://pitchfork.com/features/lists-and-guides/the-200-best-albums-of-the-2010s/
Kate Bush,50 Words for Snow,191,2011,https://pitchfork.com/features/lists-and-guides/the-200-best-albums-of-the-2010s/
Huerco S.,For Those of You Who Have Never (and Also Those Who Have),190,2016,https://pitchfork.com/features/lists-and-guides/the-200-best-albums-of-the-2010s/
Miranda Lambert,The Weight of These Wings,189,2016,https://pitchfork.com/features/lists-and-guides/the-200-best-albums-of-the-2010s/
Pusha-T,Daytona,188,2018,https://pitchfork.com/features/lists-and-guides/the-200-best-albums-of-the-2010s/
Iceage,Beyondless,187,2018,https://pitchfork.com/features/lists-and-guides/the-200-best-albums-of-the-2010s/
Various Artists,Mono No Aware,186,2017,https://pitchfork.com/features/lists-and-guides/the-200-best-albums-of-the-2010s/
Hailu Mergia,Lala Belu,185,2018,https://pitchfork.com/features/lists-and-guides/the-200-best-albums-of-the-2010s/
Soccer Mommy,Clean,184,2018,https://pitchfork.com/features/lists-and-guides/the-200-best-albums-of-the-2010s/
Elysia Crampton,American Drift,183,2015,https://pitchfork.com/features/lists-and-guides/the-200-best-albums-of-the-2010s/
G.L.O.S.S.,Trans Day of Revenge,182,2016,https://pitchfork.com/features/lists-and-guides/the-200-best-albums-of-the-2010s/
Jamila Woods,LEGACY! LEGACY!,181,2019,https://pitchfork.com/features/lists-and-guides/the-200-best-albums-of-the-2010s/
Chvrches,The Bones of What You Believe,180,2013,https://pitchfork.com/features/lists-and-guides/the-200-best-albums-of-the-2010s/
Shabazz Palaces,Black Up,179,2011,https://pitchfork.com/features/lists-and-guides/the-200-best-albums-of-the-2010s/
Savages,Silence Yourself,178,2013,https://pitchfork.com/features/lists-and-guides/the-200-best-albums-of-the-2010s/
Margo Price,All American Made,177,2017,https://pitchfork.com/features/lists-and-guides/the-200-best-albums-of-the-2010s/
Gil Scott-Heron,I’m New Here,176,2010,https://pitchfork.com/features/lists-and-guides/the-200-best-albums-of-the-2010s/
Jessie Ware,Devotion,175,2012,https://pitchfork.com/features/lists-and-guides/the-200-best-albums-of-the-2010s/
Sharon Van Etten,Are We There,174,2014,https://pitchfork.com/features/lists-and-guides/the-200-best-albums-of-the-2010s/
Hurray for the Riff Raff,Small Town Heroes,173,2014,https://pitchfork.com/features/lists-and-guides/the-200-best-albums-of-the-2010s/
Popcaan,Where We Come From,172,2014,https://pitchfork.com/features/lists-and-guides/the-200-best-albums-of-the-2010s/
JPEGMAFIA,Veteran,171,2018,https://pitchfork.com/features/lists-and-guides/the-200-best-albums-of-the-2010s/
Skee Mask,Compro,170,2018,https://pitchfork.com/features/lists-and-guides/the-200-best-albums-of-the-2010s/
Paramore,After Laughter,169,2017,https://pitchfork.com/features/lists-and-guides/the-200-best-albums-of-the-2010s/
Julianna Barwick,The Magic Place,168,2011,https://pitchfork.com/features/lists-and-guides/the-200-best-albums-of-the-2010s/
(Sandy) Alex G,DSU,167,2014,https://pitchfork.com/features/lists-and-guides/the-200-best-albums-of-the-2010s/
Nicki Minaj,The Pinkprint,166,2014,https://pitchfork.com/features/lists-and-guides/the-200-best-albums-of-the-2010s/
Jay Som,Everybody Works,165,2017,https://pitchfork.com/features/lists-and-guides/the-200-best-albums-of-the-2010s/
Hop Along,Painted Shut,164,2015,https://pitchfork.com/features/lists-and-guides/the-200-best-albums-of-the-2010s/
Meek Mill,Dreamchasers 2,163,2012,https://pitchfork.com/features/lists-and-guides/the-200-best-albums-of-the-2010s/
Sturgill Simpson,Metamodern Sounds in Country Music,162,2014,https://pitchfork.com/features/lists-and-guides/the-200-best-albums-of-the-2010s/
The 1975,I Like it when you sleep...,161,2016,https://pitchfork.com/features/lists-and-guides/the-200-best-albums-of-the-2010s/
Noname,Room 25,160,2018,https://pitchfork.com/features/lists-and-guides/the-200-best-albums-of-the-2010s/
Pallbearer,Foundations of Burden,159,2014,https://pitchfork.com/features/lists-and-guides/the-200-best-albums-of-the-2010s/
Sleigh Bells,Treats,158,2010,https://pitchfork.com/features/lists-and-guides/the-200-best-albums-of-the-2010s/
The 1975,A Brief Inquiry Into Online Relationships,157,2018,https://pitchfork.com/features/lists-and-guides/the-200-best-albums-of-the-2010s/
Jenny Lewis,The Voyager,156,2014,https://pitchfork.com/features/lists-and-guides/the-200-best-albums-of-the-2010s/
21 Savage / Metro Boomin,Savage Mode,155,2016,https://pitchfork.com/features/lists-and-guides/the-200-best-albums-of-the-2010s/
Mica Levi,Under the Skin OST,154,2014,https://pitchfork.com/features/lists-and-guides/the-200-best-albums-of-the-2010s/
Purple Mountains,Purple Mountains,153,2019,https://pitchfork.com/features/lists-and-guides/the-200-best-albums-of-the-2010s/
Arctic Monkeys,AM,152,2013,https://pitchfork.com/features/lists-and-guides/the-200-best-albums-of-the-2010s/
Lady Gaga,The Fame Monster,151,2009,https://pitchfork.com/features/lists-and-guides/the-200-best-albums-of-the-2010s/
Playboi Carti,Playboi Carti,150,2017,https://pitchfork.com/features/lists-and-guides/the-200-best-albums-of-the-2010s/
Mac DeMarco,2,149,2012,https://pitchfork.com/features/lists-and-guides/the-200-best-albums-of-the-2010s/
Nicolas Jaar,Space Is Only Noise,148,2011,https://pitchfork.com/features/lists-and-guides/the-200-best-albums-of-the-2010s/
The National,High Violet,147,2010,https://pitchfork.com/features/lists-and-guides/the-200-best-albums-of-the-2010s/
Sheer Mag,Compilation,146,2017,https://pitchfork.com/features/lists-and-guides/the-200-best-albums-of-the-2010s/
Chief Keef,Finally Rich,145,2012,https://pitchfork.com/features/lists-and-guides/the-200-best-albums-of-the-2010s/
PJ Harvey,Let England Shake,144,2011,https://pitchfork.com/features/lists-and-guides/the-200-best-albums-of-the-2010s/
Weyes Blood,Titanic Rising,143,2019,https://pitchfork.com/features/lists-and-guides/the-200-best-albums-of-the-2010s/
Fennesz,Agora,142,2019,https://pitchfork.com/features/lists-and-guides/the-200-best-albums-of-the-2010s/
Rick Ross,Rich Forever,141,2012,https://pitchfork.com/features/lists-and-guides/the-200-best-albums-of-the-2010s/
Parquet Courts,Sunbathing Animal,140,2014,https://pitchfork.com/features/lists-and-guides/the-200-best-albums-of-the-2010s/
Emeralds,Does It Look Like I’m Here?,139,2010,https://pitchfork.com/features/lists-and-guides/the-200-best-albums-of-the-2010s/
Alabama Shakes,Sound & Color,138,2015,https://pitchfork.com/features/lists-and-guides/the-200-best-albums-of-the-2010s/
A$AP Rocky,LIVE.LOVE.A$AP,137,2011,https://pitchfork.com/features/lists-and-guides/the-200-best-albums-of-the-2010s/
Tim Hecker,"Ravedeath, 1972",136,2011,https://pitchfork.com/features/lists-and-guides/the-200-best-albums-of-the-2010s/
Fleet Foxes,Helplessness Blues,135,2011,https://pitchfork.com/features/lists-and-guides/the-200-best-albums-of-the-2010s/
M83,"Hurry Up, We’re Dreaming",134,2011,https://pitchfork.com/features/lists-and-guides/the-200-best-albums-of-the-2010s/
Frankie Cosmos,Zentropy,133,2014,https://pitchfork.com/features/lists-and-guides/the-200-best-albums-of-the-2010s/
Amen Dunes,Freedom,132,2018,https://pitchfork.com/features/lists-and-guides/the-200-best-albums-of-the-2010s/
Run the Jewels,Run the Jewels 2,131,2014,https://pitchfork.com/features/lists-and-guides/the-200-best-albums-of-the-2010s/
Tame Impala,Lonerism,130,2012,https://pitchfork.com/features/lists-and-guides/the-200-best-albums-of-the-2010s/
Various Artists,Bangs and Works Vol. 1: A Chicago Footwork Compilation,129,2010,https://pitchfork.com/features/lists-and-guides/the-200-best-albums-of-the-2010s/
Radiohead,A Moon Shaped Pool,128,2016,https://pitchfork.com/features/lists-and-guides/the-200-best-albums-of-the-2010s/
Car Seat Headrest,Teens of Denial,127,2016,https://pitchfork.com/features/lists-and-guides/the-200-best-albums-of-the-2010s/
Panda Bear,Tomboy,126,2011,https://pitchfork.com/features/lists-and-guides/the-200-best-albums-of-the-2010s/
Yves Tumor,Safe in the Hands of Love,125,2018,https://pitchfork.com/features/lists-and-guides/the-200-best-albums-of-the-2010s/
Real Estate,Days,124,2011,https://pitchfork.com/features/lists-and-guides/the-200-best-albums-of-the-2010s/
Deafheaven,Sunbather,123,2013,https://pitchfork.com/features/lists-and-guides/the-200-best-albums-of-the-2010s/
Snail Mail,Lush,122,2018,https://pitchfork.com/features/lists-and-guides/the-200-best-albums-of-the-2010s/
The Hotelier,"Home, Like Noplace Is There",121,2014,https://pitchfork.com/features/lists-and-guides/the-200-best-albums-of-the-2010s/
"Tyler, the Creator",Flower Boy,120,2017,https://pitchfork.com/features/lists-and-guides/the-200-best-albums-of-the-2010s/
Girlpool,Before the World Was Big,119,2015,https://pitchfork.com/features/lists-and-guides/the-200-best-albums-of-the-2010s/
Leonard Cohen,You Want It Darker,118,2016,https://pitchfork.com/features/lists-and-guides/the-200-best-albums-of-the-2010s/
Death Grips,The Money Store,117,2012,https://pitchfork.com/features/lists-and-guides/the-200-best-albums-of-the-2010s/
Janelle Monáe,The ArchAndroid,116,2010,https://pitchfork.com/features/lists-and-guides/the-200-best-albums-of-the-2010s/
U.S. Girls,In a Poem Unlimited,115,2018,https://pitchfork.com/features/lists-and-guides/the-200-best-albums-of-the-2010s/
Sampha,Process,114,2017,https://pitchfork.com/features/lists-and-guides/the-200-best-albums-of-the-2010s/
Japandroids,Celebration Rock,113,2012,https://pitchfork.com/features/lists-and-guides/the-200-best-albums-of-the-2010s/
Daft Punk,Random Access Memories,112,2013,https://pitchfork.com/features/lists-and-guides/the-200-best-albums-of-the-2010s/
EMA,Past Life Martyred Saints,111,2011,https://pitchfork.com/features/lists-and-guides/the-200-best-albums-of-the-2010s/
Waka Flocka Flame,Flockaveli,110,2010,https://pitchfork.com/features/lists-and-guides/the-200-best-albums-of-the-2010s/
Julia Holter,Aviary,109,2018,https://pitchfork.com/features/lists-and-guides/the-200-best-albums-of-the-2010s/
Kaytranada,99.9%,108,2016,https://pitchfork.com/features/lists-and-guides/the-200-best-albums-of-the-2010s/
Dirty Projectors,Swing Lo Magellan,107,2012,https://pitchfork.com/features/lists-and-guides/the-200-best-albums-of-the-2010s/
Moses Sumney,Aromanticism,106,2017,https://pitchfork.com/features/lists-and-guides/the-200-best-albums-of-the-2010s/
Disclosure,Settle,105,2013,https://pitchfork.com/features/lists-and-guides/the-200-best-albums-of-the-2010s/
Waxahatchee,Cerulean Salt,104,2013,https://pitchfork.com/features/lists-and-guides/the-200-best-albums-of-the-2010s/
Helado Negro,This Is How You Smile,103,2019,https://pitchfork.com/features/lists-and-guides/the-200-best-albums-of-the-2010s/
Jeremih,Late Nights: The Album,102,2015,https://pitchfork.com/features/lists-and-guides/the-200-best-albums-of-the-2010s/
Chromatics,Kill for Love,101,2012,https://pitchfork.com/features/lists-and-guides/the-200-best-albums-of-the-2010s/
Ariana Grande,Sweetener,100,2018,https://pitchfork.com/features/lists-and-guides/the-200-best-albums-of-the-2010s/
Bad Bunny,X 100PRE,99,2018,https://pitchfork.com/features/lists-and-guides/the-200-best-albums-of-the-2010s/
Todd Terje,It’s Album Time,98,2014,https://pitchfork.com/features/lists-and-guides/the-200-best-albums-of-the-2010s/
The War on Drugs,Lost in the Dream,97,2014,https://pitchfork.com/features/lists-and-guides/the-200-best-albums-of-the-2010s/
Low,Double Negative,96,2018,https://pitchfork.com/features/lists-and-guides/the-200-best-albums-of-the-2010s/
Jai Paul,Leak 04-13 (Bait Ones),95,2019,https://pitchfork.com/features/lists-and-guides/the-200-best-albums-of-the-2010s/
Vampire Weekend,Contra,94,2010,https://pitchfork.com/features/lists-and-guides/the-200-best-albums-of-the-2010s/
Tirzah,Devotion,93,2018,https://pitchfork.com/features/lists-and-guides/the-200-best-albums-of-the-2010s/
JAY-Z & Kanye West,Watch the Throne,92,2011,https://pitchfork.com/features/lists-and-guides/the-200-best-albums-of-the-2010s/
Bon Iver,"22, A Million",91,2016,https://pitchfork.com/features/lists-and-guides/the-200-best-albums-of-the-2010s/
Joyce Manor,Never Hungover Again,90,2014,https://pitchfork.com/features/lists-and-guides/the-200-best-albums-of-the-2010s/
Caribou,Our Love,89,2014,https://pitchfork.com/features/lists-and-guides/the-200-best-albums-of-the-2010s/
Jenny Hval,"Apocalypse, girl",88,2015,https://pitchfork.com/features/lists-and-guides/the-200-best-albums-of-the-2010s/
Rae Sremmurd,SremmLife,87,2015,https://pitchfork.com/features/lists-and-guides/the-200-best-albums-of-the-2010s/
Haim,Days Are Gone,86,2013,https://pitchfork.com/features/lists-and-guides/the-200-best-albums-of-the-2010s/
Jessica Pratt,On Your Own Love Again,85,2015,https://pitchfork.com/features/lists-and-guides/the-200-best-albums-of-the-2010s/
Chance the Rapper,Acid Rap,84,2013,https://pitchfork.com/features/lists-and-guides/the-200-best-albums-of-the-2010s/
Burial,Rival Dealer,83,2013,https://pitchfork.com/features/lists-and-guides/the-200-best-albums-of-the-2010s/
Girls,"Father, Son, Holy Ghost",82,2011,https://pitchfork.com/features/lists-and-guides/the-200-best-albums-of-the-2010s/
Solange,When I Get Home,81,2019,https://pitchfork.com/features/lists-and-guides/the-200-best-albums-of-the-2010s/
Aphex Twin,Syro,80,2014,https://pitchfork.com/features/lists-and-guides/the-200-best-albums-of-the-2010s/
Tame Impala,Currents,79,2015,https://pitchfork.com/features/lists-and-guides/the-200-best-albums-of-the-2010s/
Kurt Vile,Smoke Ring for My Halo,78,2011,https://pitchfork.com/features/lists-and-guides/the-200-best-albums-of-the-2010s/
Four Tet,There Is Love in You,77,2010,https://pitchfork.com/features/lists-and-guides/the-200-best-albums-of-the-2010s/
Arcade Fire,The Suburbs,76,2010,https://pitchfork.com/features/lists-and-guides/the-200-best-albums-of-the-2010s/
The Weeknd,House of Balloons,75,2011,https://pitchfork.com/features/lists-and-guides/the-200-best-albums-of-the-2010s/
SOPHIE,OIL OF EVERY PEARL’s UN-INSIDES,74,2018,https://pitchfork.com/features/lists-and-guides/the-200-best-albums-of-the-2010s/
Cardi B,Invasion of Privacy,73,2018,https://pitchfork.com/features/lists-and-guides/the-200-best-albums-of-the-2010s/
Father John Misty,"I Love You, Honeybear",72,2015,https://pitchfork.com/features/lists-and-guides/the-200-best-albums-of-the-2010s/
Robyn,Honey,71,2018,https://pitchfork.com/features/lists-and-guides/the-200-best-albums-of-the-2010s/
Perfume Genius,No Shape,70,2017,https://pitchfork.com/features/lists-and-guides/the-200-best-albums-of-the-2010s/
Drake,"If You're Reading This, It's Too Late",69,2015,https://pitchfork.com/features/lists-and-guides/the-200-best-albums-of-the-2010s/
Flying Lotus,Cosmogramma,68,2010,https://pitchfork.com/features/lists-and-guides/the-200-best-albums-of-the-2010s/
Courtney Barnett,"Sometimes I Sit and Think, and Sometimes I Just Sit",67,2015,https://pitchfork.com/features/lists-and-guides/the-200-best-albums-of-the-2010s/
Fever Ray,Plunge,66,2017,https://pitchfork.com/features/lists-and-guides/the-200-best-albums-of-the-2010s/
Future,Dirty Sprite 2,65,2015,https://pitchfork.com/features/lists-and-guides/the-200-best-albums-of-the-2010s/
Mitski,Be the Cowboy,64,2018,https://pitchfork.com/features/lists-and-guides/the-200-best-albums-of-the-2010s/
Danny Brown,XXX,63,2011,https://pitchfork.com/features/lists-and-guides/the-200-best-albums-of-the-2010s/
Grouper,Ruins,62,2014,https://pitchfork.com/features/lists-and-guides/the-200-best-albums-of-the-2010s/
Arca,Arca,61,2017,https://pitchfork.com/features/lists-and-guides/the-200-best-albums-of-the-2010s/
King Krule,The OOZ,60,2017,https://pitchfork.com/features/lists-and-guides/the-200-best-albums-of-the-2010s/
Taylor Swift,Red,59,2012,https://pitchfork.com/features/lists-and-guides/the-200-best-albums-of-the-2010s/
Kamasi Washington,The Epic,58,2015,https://pitchfork.com/features/lists-and-guides/the-200-best-albums-of-the-2010s/
Kendrick Lamar,DAMN.,57,2017,https://pitchfork.com/features/lists-and-guides/the-200-best-albums-of-the-2010s/
Björk,Vulnicura,56,2015,https://pitchfork.com/features/lists-and-guides/the-200-best-albums-of-the-2010s/
St. Vincent,Strange Mercy,55,2011,https://pitchfork.com/features/lists-and-guides/the-200-best-albums-of-the-2010s/
Young Thug,Barter 6,54,2015,https://pitchfork.com/features/lists-and-guides/the-200-best-albums-of-the-2010s/
Jlin,Black Origami,53,2017,https://pitchfork.com/features/lists-and-guides/the-200-best-albums-of-the-2010s/
LCD Soundsystem,This Is Happening,52,2010,https://pitchfork.com/features/lists-and-guides/the-200-best-albums-of-the-2010s/
DJ Koze,Knock Knock,51,2018,https://pitchfork.com/features/lists-and-guides/the-200-best-albums-of-the-2010s/
Grimes,Visions,50,2012,https://pitchfork.com/features/lists-and-guides/the-200-best-albums-of-the-2010s/
Oneohtrix Point Never,Replica,49,2011,https://pitchfork.com/features/lists-and-guides/the-200-best-albums-of-the-2010s/
ANOHNI,Hopelessness,48,2016,https://pitchfork.com/features/lists-and-guides/the-200-best-albums-of-the-2010s/
Carly Rae Jepsen,E•MO•TION,47,2015,https://pitchfork.com/features/lists-and-guides/the-200-best-albums-of-the-2010s/
The Knife,Shaking the Habitual,46,2013,https://pitchfork.com/features/lists-and-guides/the-200-best-albums-of-the-2010s/
Mount Eerie,A Crow Looked at Me,45,2017,https://pitchfork.com/features/lists-and-guides/the-200-best-albums-of-the-2010s/
A Tribe Called Quest,We Got It From Here... Thank You 4 Your Service,44,2016,https://pitchfork.com/features/lists-and-guides/the-200-best-albums-of-the-2010s/
Sky Ferreira,"Night Time, My Time",43,2013,https://pitchfork.com/features/lists-and-guides/the-200-best-albums-of-the-2010s/
Erykah Badu,New Amerykah Part Two: Return of the Ankh,42,2010,https://pitchfork.com/features/lists-and-guides/the-200-best-albums-of-the-2010s/
Beyoncé,Lemonade,41,2016,https://pitchfork.com/features/lists-and-guides/the-200-best-albums-of-the-2010s/
Charli XCX,Pop 2,40,2017,https://pitchfork.com/features/lists-and-guides/the-200-best-albums-of-the-2010s/
Bill Callahan,Apocalypse,39,2011,https://pitchfork.com/features/lists-and-guides/the-200-best-albums-of-the-2010s/
Tierra Whack,Whack World,38,2018,https://pitchfork.com/features/lists-and-guides/the-200-best-albums-of-the-2010s/
David Bowie,Blackstar,37,2016,https://pitchfork.com/features/lists-and-guides/the-200-best-albums-of-the-2010s/
Rosalía,El Mal Querer,36,2018,https://pitchfork.com/features/lists-and-guides/the-200-best-albums-of-the-2010s/
Blood Orange,Cupid Deluxe,35,2013,https://pitchfork.com/features/lists-and-guides/the-200-best-albums-of-the-2010s/
Vince Staples,Summertime '06,34,2015,https://pitchfork.com/features/lists-and-guides/the-200-best-albums-of-the-2010s/
Big Thief,U.F.O.F.,33,2019,https://pitchfork.com/features/lists-and-guides/the-200-best-albums-of-the-2010s/
Bon Iver,Bon Iver,32,2011,https://pitchfork.com/features/lists-and-guides/the-200-best-albums-of-the-2010s/
Beyoncé,4,31,2011,https://pitchfork.com/features/lists-and-guides/the-200-best-albums-of-the-2010s/
Mitski,Puberty 2,30,2016,https://pitchfork.com/features/lists-and-guides/the-200-best-albums-of-the-2010s/
Deerhunter,Halcyon Digest,29,2010,https://pitchfork.com/features/lists-and-guides/the-200-best-albums-of-the-2010s/
FKA twigs,LP1,28,2014,https://pitchfork.com/features/lists-and-guides/the-200-best-albums-of-the-2010s/
Earl Sweatshirt,Some Rap Songs,27,2018,https://pitchfork.com/features/lists-and-guides/the-200-best-albums-of-the-2010s/
Angel Olsen,Burn Your Fire for No Witness,26,2014,https://pitchfork.com/features/lists-and-guides/the-200-best-albums-of-the-2010s/
Jamie xx,In Colour,25,2015,https://pitchfork.com/features/lists-and-guides/the-200-best-albums-of-the-2010s/
SZA,CTRL,24,2017,https://pitchfork.com/features/lists-and-guides/the-200-best-albums-of-the-2010s/
Kacey Musgraves,Golden Hour,23,2018,https://pitchfork.com/features/lists-and-guides/the-200-best-albums-of-the-2010s/
Destroyer,Kaputt,22,2011,https://pitchfork.com/features/lists-and-guides/the-200-best-albums-of-the-2010s/
Beach House,Teen Dream,21,2010,https://pitchfork.com/features/lists-and-guides/the-200-best-albums-of-the-2010s/
DJ Rashad,Double Cup,20,2013,https://pitchfork.com/features/lists-and-guides/the-200-best-albums-of-the-2010s/
Lana Del Rey,Norman Fucking Rockwell!,19,2019,https://pitchfork.com/features/lists-and-guides/the-200-best-albums-of-the-2010s/
Kendrick Lamar,"good kid, m.A.A.d city",18,2012,https://pitchfork.com/features/lists-and-guides/the-200-best-albums-of-the-2010s/
Sufjan Stevens,Carrie & Lowell,17,2015,https://pitchfork.com/features/lists-and-guides/the-200-best-albums-of-the-2010s/
Joanna Newsom,Have One On Me,16,2010,https://pitchfork.com/features/lists-and-guides/the-200-best-albums-of-the-2010s/
Kanye West,Yeezus,15,2013,https://pitchfork.com/features/lists-and-guides/the-200-best-albums-of-the-2010s/
Lorde,Melodrama,14,2017,https://pitchfork.com/features/lists-and-guides/the-200-best-albums-of-the-2010s/
Drake,Take Care,13,2011,https://pitchfork.com/features/lists-and-guides/the-200-best-albums-of-the-2010s/
Rihanna,ANTI,12,2016,https://pitchfork.com/features/lists-and-guides/the-200-best-albums-of-the-2010s/
Grimes,Art Angels,11,2015,https://pitchfork.com/features/lists-and-guides/the-200-best-albums-of-the-2010s/
Frank Ocean,Channel ORANGE,10,2012,https://pitchfork.com/features/lists-and-guides/the-200-best-albums-of-the-2010s/
D'Angelo and the Vanguard,Black Messiah,9,2014,https://pitchfork.com/features/lists-and-guides/the-200-best-albums-of-the-2010s/
Robyn,Body Talk,8,2010,https://pitchfork.com/features/lists-and-guides/the-200-best-albums-of-the-2010s/
Vampire Weekend,Modern Vampires of the City,7,2013,https://pitchfork.com/features/lists-and-guides/the-200-best-albums-of-the-2010s/
Solange,A Seat at the Table,6,2016,https://pitchfork.com/features/lists-and-guides/the-200-best-albums-of-the-2010s/
Fiona Apple,The Idler Wheel...,5,2012,https://pitchfork.com/features/lists-and-guides/the-200-best-albums-of-the-2010s/
Kendrick Lamar,To Pimp a Butterfly,4,2015,https://pitchfork.com/features/lists-and-guides/the-200-best-albums-of-the-2010s/
Beyoncé,Beyoncé,3,2013,https://pitchfork.com/features/lists-and-guides/the-200-best-albums-of-the-2010s/
Kanye West,My Beautiful Dark Twisted Fantasy,2,2010,https://pitchfork.com/features/lists-and-guides/the-200-best-albums-of-the-2010s/
Frank Ocean,Blonde,1,2016,https://pitchfork.com/features/lists-and-guides/the-200-best-albums-of-the-2010s/
Lady Gaga & Bradley Cooper,A Star Is Born Soundtrack,100,2018,https://www.billboard.com/articles/news/list/8543722/best-albums-of-the-2010s-top-100
Lady Antebellum,Need You Now,99,2010,https://www.billboard.com/articles/news/list/8543722/best-albums-of-the-2010s-top-100
Japandroids,Celebration Rock,98,2012,https://www.billboard.com/articles/news/list/8543722/best-albums-of-the-2010s-top-100
Porter Robinson,Worlds,97,2014,https://www.billboard.com/articles/news/list/8543722/best-albums-of-the-2010s-top-100
Ed Sheeran,x,96,2014,https://www.billboard.com/articles/news/list/8543722/best-albums-of-the-2010s-top-100
Chris Stapleton,Traveller,95,2015,https://www.billboard.com/articles/news/list/8543722/best-albums-of-the-2010s-top-100
Nipsey Hussle,Victory Lap,94,2018,https://www.billboard.com/articles/news/list/8543722/best-albums-of-the-2010s-top-100
P!nk,The Truth About Love,93,2012,https://www.billboard.com/articles/news/list/8543722/best-albums-of-the-2010s-top-100
Ozuna,Odisea,92,2017,https://www.billboard.com/articles/news/list/8543722/best-albums-of-the-2010s-top-100
Miley Cyrus,Bangerz,91,2013,https://www.billboard.com/articles/news/list/8543722/best-albums-of-the-2010s-top-100
Against Me!,Transgender Dysphoria Blues,90,2014,https://www.billboard.com/articles/news/list/8543722/best-albums-of-the-2010s-top-100
Childish Gambino,"""Awaken, My Love!""",89,2016,https://www.billboard.com/articles/news/list/8543722/best-albums-of-the-2010s-top-100
Sky Ferreira,"Night Time, My Time",88,2013,https://www.billboard.com/articles/news/list/8543722/best-albums-of-the-2010s-top-100
Brandi Carlile,"By the Way, I Forgive You",87,2018,https://www.billboard.com/articles/news/list/8543722/best-albums-of-the-2010s-top-100
Jonas Brothers,Happiness Begins,86,2019,https://www.billboard.com/articles/news/list/8543722/best-albums-of-the-2010s-top-100
J. Cole,2014 Forest Hills Drive,85,2014,https://www.billboard.com/articles/news/list/8543722/best-albums-of-the-2010s-top-100
Rihanna,Loud,84,2010,https://www.billboard.com/articles/news/list/8543722/best-albums-of-the-2010s-top-100
Travis Scott,Astroworld,83,2018,https://www.billboard.com/articles/news/list/8543722/best-albums-of-the-2010s-top-100
The 1975,I Like it when you sleep...,82,2016,https://www.billboard.com/articles/news/list/8543722/best-albums-of-the-2010s-top-100
Mumford & Songs,Sigh No More,81,2010,https://www.billboard.com/articles/news/list/8543722/best-albums-of-the-2010s-top-100
Camila Cabello,Camila,80,2017,https://www.billboard.com/articles/news/list/8543722/best-albums-of-the-2010s-top-100
Courtney Barnett,"Sometimes I Sit and Think, and Sometimes I Just Sit",79,2015,https://www.billboard.com/articles/news/list/8543722/best-albums-of-the-2010s-top-100
Adele,25,78,2015,https://www.billboard.com/articles/news/list/8543722/best-albums-of-the-2010s-top-100
Arctic Monkeys,AM,77,2013,https://www.billboard.com/articles/news/list/8543722/best-albums-of-the-2010s-top-100
Lil Uzi Vert,Luv Is Rage 2,76,2017,https://www.billboard.com/articles/news/list/8543722/best-albums-of-the-2010s-top-100
Twenty One Pilots,Blurryface,74,2015,https://www.billboard.com/articles/news/list/8543722/best-albums-of-the-2010s-top-100
Kesha,Rainbow,73,2017,https://www.billboard.com/articles/news/list/8543722/best-albums-of-the-2010s-top-100
Jenni Rivera,Joyas Prestadas,72,2011,https://www.billboard.com/articles/news/list/8543722/best-albums-of-the-2010s-top-100
Maggie Rogers,Heard It in a Past Life,71,2019,https://www.billboard.com/articles/news/list/8543722/best-albums-of-the-2010s-top-100
Mac Miller,Swimming,70,2018,https://www.billboard.com/articles/news/list/8543722/best-albums-of-the-2010s-top-100
Bruno Mars,24K Magic,69,2016,https://www.billboard.com/articles/news/list/8543722/best-albums-of-the-2010s-top-100
HAIM,Days Are Gone,68,2013,https://www.billboard.com/articles/news/list/8543722/best-albums-of-the-2010s-top-100
Rae Sremmurd,SremmLife,67,2015,https://www.billboard.com/articles/news/list/8543722/best-albums-of-the-2010s-top-100
Perfume Genius,No Shape,66,2017,https://www.billboard.com/articles/news/list/8543722/best-albums-of-the-2010s-top-100
Lizzo,Cuz I Love You,65,2019,https://www.billboard.com/articles/news/list/8543722/best-albums-of-the-2010s-top-100
Maren Morris,HERO,64,2016,https://www.billboard.com/articles/news/list/8543722/best-albums-of-the-2010s-top-100
Tegan and Sara,Heartthrob,63,2013,https://www.billboard.com/articles/news/list/8543722/best-albums-of-the-2010s-top-100
Kanye West,Yeezus,62,2013,https://www.billboard.com/articles/news/list/8543722/best-albums-of-the-2010s-top-100
Sam Hunt,Montevallo,61,2014,https://www.billboard.com/articles/news/list/8543722/best-albums-of-the-2010s-top-100
Florence + the Machine,"How Big, How Blue, How Beautiful",60,2015,https://www.billboard.com/articles/news/list/8543722/best-albums-of-the-2010s-top-100
Sufjan Stevens,Carrie and Lowell,58,2015,https://www.billboard.com/articles/news/list/8543722/best-albums-of-the-2010s-top-100
Calvin Harris,Funk Wav Bounces Vol. 1,57,2017,https://www.billboard.com/articles/news/list/8543722/best-albums-of-the-2010s-top-100
Bon Iver,Bon Iver,56,2011,https://www.billboard.com/articles/news/list/8543722/best-albums-of-the-2010s-top-100
The Black Keys,Brothers,55,2010,https://www.billboard.com/articles/news/list/8543722/best-albums-of-the-2010s-top-100
"Tyler, the Creator",IGOR,54,2019,https://www.billboard.com/articles/news/list/8543722/best-albums-of-the-2010s-top-100
JAY-Z,4:44,53,2017,https://www.billboard.com/articles/news/list/8543722/best-albums-of-the-2010s-top-100
Anderson .Paak,Malibu,52,2016,https://www.billboard.com/articles/news/list/8543722/best-albums-of-the-2010s-top-100
Taylor Swift,Speak Now,51,2010,https://www.billboard.com/articles/news/list/8543722/best-albums-of-the-2010s-top-100
David Bowie,Blackstar,49,2016,https://www.billboard.com/articles/news/list/8543722/best-albums-of-the-2010s-top-100
Kendrick Lamar,DAMN.,48,2017,https://www.billboard.com/articles/news/list/8543722/best-albums-of-the-2010s-top-100
J. Balvin,Vibras,47,2017,https://www.billboard.com/articles/news/list/8543722/best-albums-of-the-2010s-top-100
Disclosure,Settle,46,2013,https://www.billboard.com/articles/news/list/8543722/best-albums-of-the-2010s-top-100
Drake,Nothing Was the Same,45,2013,https://www.billboard.com/articles/news/list/8543722/best-albums-of-the-2010s-top-100
'Hamilton' Original Broadway Cast Recording,Hamilton,44,2015,https://www.billboard.com/articles/news/list/8543722/best-albums-of-the-2010s-top-100
One Direction,Four,43,2014,https://www.billboard.com/articles/news/list/8543722/best-albums-of-the-2010s-top-100
Sam Smith,In the Lonely Hour,42,2014,https://www.billboard.com/articles/news/list/8543722/best-albums-of-the-2010s-top-100
Grimes,Art Angels,41,2015,https://www.billboard.com/articles/news/list/8543722/best-albums-of-the-2010s-top-100
Future,DS2,40,2015,https://www.billboard.com/articles/news/list/8543722/best-albums-of-the-2010s-top-100
LCD Soundsystem,This Is Happening,39,2010,https://www.billboard.com/articles/news/list/8543722/best-albums-of-the-2010s-top-100
Ariana Grande,Sweetener,38,2018,https://www.billboard.com/articles/news/list/8543722/best-albums-of-the-2010s-top-100
Paramore,Paramore,37,2013,https://www.billboard.com/articles/news/list/8543722/best-albums-of-the-2010s-top-100
D'Angelo and the Vanguard,Black Messiah,36,2014,https://www.billboard.com/articles/news/list/8543722/best-albums-of-the-2010s-top-100
Chance the Rapper,Acid Rap,35,2013,https://www.billboard.com/articles/news/list/8543722/best-albums-of-the-2010s-top-100
Fiona Apple,The Idler Wheel...,34,2012,https://www.billboard.com/articles/news/list/8543722/best-albums-of-the-2010s-top-100
Janelle Monáe,Dirty Computer,33,2018,https://www.billboard.com/articles/news/list/8543722/best-albums-of-the-2010s-top-100
Tame Impala,Currents,32,2015,https://www.billboard.com/articles/news/list/8543722/best-albums-of-the-2010s-top-100
Lana Del Rey,Born to Die,31,2012,https://www.billboard.com/articles/news/list/8543722/best-albums-of-the-2010s-top-100
Justin Bieber,Purpose,30,2015,https://www.billboard.com/articles/news/list/8543722/best-albums-of-the-2010s-top-100
Miguel,Kaleidoscope Dream,29,2012,https://www.billboard.com/articles/news/list/8543722/best-albums-of-the-2010s-top-100
Frank Ocean,Blonde,28,2016,https://www.billboard.com/articles/news/list/8543722/best-albums-of-the-2010s-top-100
Billie Eilish,"When We All Fall Asleep, Where Do We Go?",27,2019,https://www.billboard.com/articles/news/list/8543722/best-albums-of-the-2010s-top-100
Arcade Fire,The Suburbs,26,2010,https://www.billboard.com/articles/news/list/8543722/best-albums-of-the-2010s-top-100
Rosalía,El Mal Querer,25,2018,https://www.billboard.com/articles/news/list/8543722/best-albums-of-the-2010s-top-100
JAY-Z & Kanye West,Watch the Throne,24,2011,https://www.billboard.com/articles/news/list/8543722/best-albums-of-the-2010s-top-100
Lorde,Pure Heroine,23,2013,https://www.billboard.com/articles/news/list/8543722/best-albums-of-the-2010s-top-100
SZA,Ctrl,22,2017,https://www.billboard.com/articles/news/list/8543722/best-albums-of-the-2010s-top-100
Lady Gaga,Born This Way,21,2011,https://www.billboard.com/articles/news/list/8543722/best-albums-of-the-2010s-top-100
The Weeknd,House of Balloons,20,2011,https://www.billboard.com/articles/news/list/8543722/best-albums-of-the-2010s-top-100
Taylor Swift,1989,19,2014,https://www.billboard.com/articles/news/list/8543722/best-albums-of-the-2010s-top-100
Vampire Weekend,Modern Vampires of the City,18,2013,https://www.billboard.com/articles/news/list/8543722/best-albums-of-the-2010s-top-100
Solange,A Seat at the Table,17,2016,https://www.billboard.com/articles/news/list/8543722/best-albums-of-the-2010s-top-100
Drake,Take Care,16,2011,https://www.billboard.com/articles/news/list/8543722/best-albums-of-the-2010s-top-100
Kendrick Lamar,"good kid, m.A.A.d city",15,2012,https://www.billboard.com/articles/news/list/8543722/best-albums-of-the-2010s-top-100
Katy Perry,Teenage Dream,14,2010,https://www.billboard.com/articles/news/list/8543722/best-albums-of-the-2010s-top-100
Cardi B,Invasion of Privacy,13,2018,https://www.billboard.com/articles/news/list/8543722/best-albums-of-the-2010s-top-100
Daft Punk,Random Access Memories,12,2013,https://www.billboard.com/articles/news/list/8543722/best-albums-of-the-2010s-top-100
Beyoncé,Beyoncé,11,2013,https://www.billboard.com/articles/news/list/8543722/best-albums-of-the-2010s-top-100
Adele,21,10,2011,https://www.billboard.com/articles/news/list/8543722/best-albums-of-the-2010s-top-100
Robyn,Body Talk,9,2010,https://www.billboard.com/articles/news/list/8543722/best-albums-of-the-2010s-top-100
Ariana Grande,"thank u, next",8,2019,https://www.billboard.com/articles/news/list/8543722/best-albums-of-the-2010s-top-100
Rihanna,Anti,7,2016,https://www.billboard.com/articles/news/list/8543722/best-albums-of-the-2010s-top-100
Kacey Musgraves,Golden Hour,6,2018,https://www.billboard.com/articles/news/list/8543722/best-albums-of-the-2010s-top-100
Kendrick Lamar,To Pimp a Butterfly,5,2016,https://www.billboard.com/articles/news/list/8543722/best-albums-of-the-2010s-top-100
Taylor Swift,Red,4,2012,https://www.billboard.com/articles/news/list/8543722/best-albums-of-the-2010s-top-100
Frank Ocean,Channel ORANGE,3,2012,https://www.billboard.com/articles/news/list/8543722/best-albums-of-the-2010s-top-100
Beyoncé,Lemonade,2,2016,https://www.billboard.com/articles/news/list/8543722/best-albums-of-the-2010s-top-100
Kanye West,My Beautiful Dark Twisted Fantasy,1,2010,https://www.billboard.com/articles/news/list/8543722/best-albums-of-the-2010s-top-100
Charli XCX,True Romance,75,2013,https://www.billboard.com/articles/news/list/8543722/best-albums-of-the-2010s-top-100
Pusha T,Daytona,59,2018,https://www.billboard.com/articles/news/list/8543722/best-albums-of-the-2010s-top-100
Carly Rae Jepsen,E•MO•TION,50,2015,https://www.billboard.com/articles/news/list/8543722/best-albums-of-the-2010s-top-100
Future,Pluto,100,2012,https://www.stereogum.com/featured/best-albums-of-the-2010s-list/
Car Seat Headrest,Teens of Denial,99,2016,https://www.stereogum.com/featured/best-albums-of-the-2010s-list/
PUP,The Dream Is Over,98,2016,https://www.stereogum.com/featured/best-albums-of-the-2010s-list/
Courtney Barnett,"Sometimes I Sit and Think, and Sometimes I Just Sit",97,2015,https://www.stereogum.com/featured/best-albums-of-the-2010s-list/
Colleen Green,I Want To Grow Up,96,2015,https://www.stereogum.com/featured/best-albums-of-the-2010s-list/
Wye Oak,Civilian,95,2011,https://www.stereogum.com/featured/best-albums-of-the-2010s-list/
Purity Ring,Shrines,94,2012,https://www.stereogum.com/featured/best-albums-of-the-2010s-list/
Hop Along,Painted Shut,93,2015,https://www.stereogum.com/featured/best-albums-of-the-2010s-list/
Jim O’Rourke,Simple Songs,92,2015,https://www.stereogum.com/featured/best-albums-of-the-2010s-list/
Japanese Breakfast,Soft Sounds from Another Planet,91,2017,https://www.stereogum.com/featured/best-albums-of-the-2010s-list/
Charly Bliss,Guppy,90,2017,https://www.stereogum.com/featured/best-albums-of-the-2010s-list/
"Young Thug, Birdman, & Rich Homie Quan",Rich Gang: Tha Tour Part 1,89,2014,https://www.stereogum.com/featured/best-albums-of-the-2010s-list/
Cobalt,Slow Forever,88,2016,https://www.stereogum.com/featured/best-albums-of-the-2010s-list/
Oneohtrix Point Never,Replica,87,2011,https://www.stereogum.com/featured/best-albums-of-the-2010s-list/
Eric Church,The Outsiders,86,2014,https://www.stereogum.com/featured/best-albums-of-the-2010s-list/
Sleigh Bells,Treats,85,2010,https://www.stereogum.com/featured/best-albums-of-the-2010s-list/
Vampire Weekend,Father of the Bride,84,2019,https://www.stereogum.com/featured/best-albums-of-the-2010s-list/
Priests,Nothing Feels Natural,83,2017,https://www.stereogum.com/featured/best-albums-of-the-2010s-list/
Fuck Buttons,Slow Focus,82,2013,https://www.stereogum.com/featured/best-albums-of-the-2010s-list/
Japandroids,Celebration Rock,81,2012,https://www.stereogum.com/featured/best-albums-of-the-2010s-list/
Parquet Courts,Light Up Gold,80,2012,https://www.stereogum.com/featured/best-albums-of-the-2010s-list/
Big Thief,U.F.O.F.,79,2019,https://www.stereogum.com/featured/best-albums-of-the-2010s-list/
Deerhunter,Halcyon Digest,78,2010,https://www.stereogum.com/featured/best-albums-of-the-2010s-list/
SZA,Ctrl,77,2017,https://www.stereogum.com/featured/best-albums-of-the-2010s-list/
(Sandy) Alex G,DSU,76,2014,https://www.stereogum.com/featured/best-albums-of-the-2010s-list/
Charli XCX,Pop 2,75,2017,https://www.stereogum.com/featured/best-albums-of-the-2010s-list/
The National,Sleep Well Beast,74,2017,https://www.stereogum.com/featured/best-albums-of-the-2010s-list/
Björk,Vulnicura,73,2015,https://www.stereogum.com/featured/best-albums-of-the-2010s-list/
Nick Cave & The Bad Seeds,Ghosteen,72,2019,https://www.stereogum.com/featured/best-albums-of-the-2010s-list/
Low,Double Negative,71,2018,https://www.stereogum.com/featured/best-albums-of-the-2010s-list/
D'Angelo and the Vanguard,Black Messiah,70,2014,https://www.stereogum.com/featured/best-albums-of-the-2010s-list/
Taylor Swift,1989,69,2014,https://www.stereogum.com/featured/best-albums-of-the-2010s-list/
Purple Mountains,Purple Mountains,68,2019,https://www.stereogum.com/featured/best-albums-of-the-2010s-list/
Lana Del Rey,Norman Fucking Rockwell!,67,2019,https://www.stereogum.com/featured/best-albums-of-the-2010s-list/
Jenny Hval,"Apocalypse, girl",66,2015,https://www.stereogum.com/featured/best-albums-of-the-2010s-list/
James Blake,James Blake,65,2011,https://www.stereogum.com/featured/best-albums-of-the-2010s-list/
Blood Orange,Cupid Deluxe,64,2013,https://www.stereogum.com/featured/best-albums-of-the-2010s-list/
Fucked Up,David Comes To Life,63,2011,https://www.stereogum.com/featured/best-albums-of-the-2010s-list/
M83,"Hurry Up, We’re Dreaming",62,2011,https://www.stereogum.com/featured/best-albums-of-the-2010s-list/
The 1975,I Like it when you sleep...,61,2016,https://www.stereogum.com/featured/best-albums-of-the-2010s-list/
Kamasi Washington,The Epic,60,2015,https://www.stereogum.com/featured/best-albums-of-the-2010s-list/
Radiohead,A Moon Shaped Pool,59,2016,https://www.stereogum.com/featured/best-albums-of-the-2010s-list/
A Tribe Called Quest,We Got It From Here... Thank You 4 Your Service,58,2016,https://www.stereogum.com/featured/best-albums-of-the-2010s-list/
Earl Sweatshirt,Doris,57,2013,https://www.stereogum.com/featured/best-albums-of-the-2010s-list/
Cardi B,Invasion of Privacy,56,2018,https://www.stereogum.com/featured/best-albums-of-the-2010s-list/
Rosalía,El Mal Querer,55,2018,https://www.stereogum.com/featured/best-albums-of-the-2010s-list/
Titus Andronicus,The Monitor,54,2010,https://www.stereogum.com/featured/best-albums-of-the-2010s-list/
The Knife,Shaking the Habitual,53,2013,https://www.stereogum.com/featured/best-albums-of-the-2010s-list/
Tame Impala,Currents,52,2015,https://www.stereogum.com/featured/best-albums-of-the-2010s-list/
Sharon Van Etten,Are We There,51,2014,https://www.stereogum.com/featured/best-albums-of-the-2010s-list/
Run The Jewels,Run The Jewels 2,50,2014,https://www.stereogum.com/featured/best-albums-of-the-2010s-list/
Panda Bear,Tomboy,49,2011,https://www.stereogum.com/featured/best-albums-of-the-2010s-list/
Snail Mail,Lush,48,2018,https://www.stereogum.com/featured/best-albums-of-the-2010s-list/
Waxahatchee,Cerulean Salt,47,2013,https://www.stereogum.com/featured/best-albums-of-the-2010s-list/
Rihanna,ANTI,46,2016,https://www.stereogum.com/featured/best-albums-of-the-2010s-list/
Pusha T,Daytona,45,2018,https://www.stereogum.com/featured/best-albums-of-the-2010s-list/
Slowdive,Slowdive,44,2017,https://www.stereogum.com/featured/best-albums-of-the-2010s-list/
Perfume Genius,No Shape,43,2017,https://www.stereogum.com/featured/best-albums-of-the-2010s-list/
Ariana Grande,Sweetener,42,2018,https://www.stereogum.com/featured/best-albums-of-the-2010s-list/
Chance The Rapper,Acid Rap,41,2013,https://www.stereogum.com/featured/best-albums-of-the-2010s-list/
Lana Del Rey,Born to Die,40,2012,https://www.stereogum.com/featured/best-albums-of-the-2010s-list/
Joanna Newsom,Have One On Me,39,2010,https://www.stereogum.com/featured/best-albums-of-the-2010s-list/
Drake,Take Care,38,2011,https://www.stereogum.com/featured/best-albums-of-the-2010s-list/
Bon Iver,"22, A Million",37,2016,https://www.stereogum.com/featured/best-albums-of-the-2010s-list/
FKA Twigs,LP1,36,2014,https://www.stereogum.com/featured/best-albums-of-the-2010s-list/
Mount Eerie,A Crow Looked at Me,35,2017,https://www.stereogum.com/featured/best-albums-of-the-2010s-list/
Kacey Musgraves,Golden Hour,34,2018,https://www.stereogum.com/featured/best-albums-of-the-2010s-list/
Beyoncé,Lemonade,33,2016,https://www.stereogum.com/featured/best-albums-of-the-2010s-list/
Beach House,Teen Dream,32,2010,https://www.stereogum.com/featured/best-albums-of-the-2010s-list/
Father John Misty,"I Love You, Honeybear",31,2015,https://www.stereogum.com/featured/best-albums-of-the-2010s-list/
Danny Brown,Old,30,2013,https://www.stereogum.com/featured/best-albums-of-the-2010s-list/
Angel Olsen,Burn Your Fire for No Witness,29,2014,https://www.stereogum.com/featured/best-albums-of-the-2010s-list/
St. Vincent,Strange Mercy,28,2011,https://www.stereogum.com/featured/best-albums-of-the-2010s-list/
Mitski,Puberty 2,27,2016,https://www.stereogum.com/featured/best-albums-of-the-2010s-list/
Vampire Weekend,Modern Vampires of the City,26,2013,https://www.stereogum.com/featured/best-albums-of-the-2010s-list/
Deafheaven,Sunbather,25,2013,https://www.stereogum.com/featured/best-albums-of-the-2010s-list/
The War On Drugs,Lost In The Dream,24,2014,https://www.stereogum.com/featured/best-albums-of-the-2010s-list/
Vince Staples,Summertime '06,23,2015,https://www.stereogum.com/featured/best-albums-of-the-2010s-list/
Bon Iver,Bon Iver,22,2011,https://www.stereogum.com/featured/best-albums-of-the-2010s-list/
Solange,A Seat at the Table,21,2016,https://www.stereogum.com/featured/best-albums-of-the-2010s-list/
Robyn,Body Talk,20,2010,https://www.stereogum.com/featured/best-albums-of-the-2010s-list/
Fiona Apple,The Idler Wheel...,19,2012,https://www.stereogum.com/featured/best-albums-of-the-2010s-list/
My Bloody Valentine,mbv,18,2013,https://www.stereogum.com/featured/best-albums-of-the-2010s-list/
Lorde,Melodrama,17,2017,https://www.stereogum.com/featured/best-albums-of-the-2010s-list/
Sufjan Stevens,Carrie & Lowell,16,2015,https://www.stereogum.com/featured/best-albums-of-the-2010s-list/
David Bowie,Blackstar,15,2016,https://www.stereogum.com/featured/best-albums-of-the-2010s-list/
Arcade Fire,The Suburbs,14,2010,https://www.stereogum.com/featured/best-albums-of-the-2010s-list/
Frank Ocean,Channel ORANGE,13,2012,https://www.stereogum.com/featured/best-albums-of-the-2010s-list/
LCD Soundsystem,This Is Happening,12,2010,https://www.stereogum.com/featured/best-albums-of-the-2010s-list/
Kendrick Lamar,DAMN.,11,2017,https://www.stereogum.com/featured/best-albums-of-the-2010s-list/
Taylor Swift,Red,10,2012,https://www.stereogum.com/featured/best-albums-of-the-2010s-list/
Carly Rae Jepsen,E•MO•TION,9,2015,https://www.stereogum.com/featured/best-albums-of-the-2010s-list/
Sky Ferreira,"Night Time, My Time",8,2013,https://www.stereogum.com/featured/best-albums-of-the-2010s-list/
Beyoncé,Beyoncé,7,2013,https://www.stereogum.com/featured/best-albums-of-the-2010s-list/
Kendrick Lamar,"good kid, m.A.A.d city",6,2012,https://www.stereogum.com/featured/best-albums-of-the-2010s-list/
Frank Ocean,Blonde,5,2016,https://www.stereogum.com/featured/best-albums-of-the-2010s-list/
Kanye West,My Beautiful Dark Twisted Fantasy,4,2010,https://www.stereogum.com/featured/best-albums-of-the-2010s-list/
Grimes,Art Angels,3,2015,https://www.stereogum.com/featured/best-albums-of-the-2010s-list/
Kanye West,Yeezus,2,2013,https://www.stereogum.com/featured/best-albums-of-the-2010s-list/
Kendrick Lamar,To Pimp a Butterfly,1,2015,https://www.stereogum.com/featured/best-albums-of-the-2010s-list/
PJ Harvey,Let England Shake,100,2011,https://consequenceofsound.net/2019/11/top-albums-of-the-2010s/full-post/
Savages,Silence Yourself,99,2013,https://consequenceofsound.net/2019/11/top-albums-of-the-2010s/full-post/
Destroyer,Kaputt,98,2011,https://consequenceofsound.net/2019/11/top-albums-of-the-2010s/full-post/
Ariana Grande,"thank u, next",97,2019,https://consequenceofsound.net/2019/11/top-albums-of-the-2010s/full-post/
Bon Iver,"22, A Million",96,2016,https://consequenceofsound.net/2019/11/top-albums-of-the-2010s/full-post/
Oneohtrix Point Never,Replica,95,2012,https://consequenceofsound.net/2019/11/top-albums-of-the-2010s/full-post/
Tom Waits,Bad as Me,94,2011,https://consequenceofsound.net/2019/11/top-albums-of-the-2010s/full-post/
BROCKHAMPTON,Iridescence,93,2018,https://consequenceofsound.net/2019/11/top-albums-of-the-2010s/full-post/
Caribou,Our Love,92,2014,https://consequenceofsound.net/2019/11/top-albums-of-the-2010s/full-post/
Courtney Barnett,"Sometimes I Sit and Think, and Sometimes I Just Sit",91,2015,https://consequenceofsound.net/2019/11/top-albums-of-the-2010s/full-post/
Carly Rae Jepsen,E•MO•TION,90,2015,https://consequenceofsound.net/2019/11/top-albums-of-the-2010s/full-post/
Big Boi,Sir Lucious Left Foot: The Son of Chico Dusty,89,2010,https://consequenceofsound.net/2019/11/top-albums-of-the-2010s/full-post/
Lady Lamb,After,88,2015,https://consequenceofsound.net/2019/11/top-albums-of-the-2010s/full-post/
Christine and the Queens,Chris,87,2018,https://consequenceofsound.net/2019/11/top-albums-of-the-2010s/full-post/
Spoon,Hot Thoughts,86,2017,https://consequenceofsound.net/2019/11/top-albums-of-the-2010s/full-post/
Kacey Musgraves,Golden Hour,85,2018,https://consequenceofsound.net/2019/11/top-albums-of-the-2010s/full-post/
Thundercat,The Golden Age of Apocalypse,84,2011,https://consequenceofsound.net/2019/11/top-albums-of-the-2010s/full-post/
Cardi B,Invasion of Privacy,83,2018,https://consequenceofsound.net/2019/11/top-albums-of-the-2010s/full-post/
Japandroids,Celebration Rock,82,2012,https://consequenceofsound.net/2019/11/top-albums-of-the-2010s/full-post/
Rihanna,Anti,81,2016,https://consequenceofsound.net/2019/11/top-albums-of-the-2010s/full-post/
Foo Fighters,Wasting Light,80,2011,https://consequenceofsound.net/2019/11/top-albums-of-the-2010s/full-post/
Beyoncé,Beyoncé,79,2013,https://consequenceofsound.net/2019/11/top-albums-of-the-2010s/full-post/
Noname,Room 25,78,2018,https://consequenceofsound.net/2019/11/top-albums-of-the-2010s/full-post/
Deerhunter,Halcyon Digest,77,2010,https://consequenceofsound.net/2019/11/top-albums-of-the-2010s/full-post/
Sleater-Kinney,No Cities to Love,76,2015,https://consequenceofsound.net/2019/11/top-albums-of-the-2010s/full-post/
HAIM,Days Are Gone,75,2013,https://consequenceofsound.net/2019/11/top-albums-of-the-2010s/full-post/
Drake,Take Care,74,2011,https://consequenceofsound.net/2019/11/top-albums-of-the-2010s/full-post/
FKA twigs,LP1,73,2014,https://consequenceofsound.net/2019/11/top-albums-of-the-2010s/full-post/
My Bloody Valentine,m b v,72,2013,https://consequenceofsound.net/2019/11/top-albums-of-the-2010s/full-post/
Run the Jewels,Run the Jewels 2,71,2014,https://consequenceofsound.net/2019/11/top-albums-of-the-2010s/full-post/
Katy Perry,Teenage Dream,70,2010,https://consequenceofsound.net/2019/11/top-albums-of-the-2010s/full-post/
Paramore,After Laughter,69,2017,https://consequenceofsound.net/2019/11/top-albums-of-the-2010s/full-post/
A Tribe Called Quest,We Got It From Here... Thank You 4 Your Service,68,2016,https://consequenceofsound.net/2019/11/top-albums-of-the-2010s/full-post/
The National,Trouble Will Find Me,67,2013,https://consequenceofsound.net/2019/11/top-albums-of-the-2010s/full-post/
Lady Gaga,Joanne,66,2016,https://consequenceofsound.net/2019/11/top-albums-of-the-2010s/full-post/
Cloud Nothings,Attack on Memory,65,2012,https://consequenceofsound.net/2019/11/top-albums-of-the-2010s/full-post/
Angel Olsen,All Mirrors,64,2019,https://consequenceofsound.net/2019/11/top-albums-of-the-2010s/full-post/
Spiritualized,"Sweet Heart, Sweet Light",63,2012,https://consequenceofsound.net/2019/11/top-albums-of-the-2010s/full-post/
SABA,Care for Me,62,2018,https://consequenceofsound.net/2019/11/top-albums-of-the-2010s/full-post/
Joanna Newsom,Have One On Me,61,2010,https://consequenceofsound.net/2019/11/top-albums-of-the-2010s/full-post/
Chromatics,Kill for Love,60,2012,https://consequenceofsound.net/2019/11/top-albums-of-the-2010s/full-post/
Titus Andronicus,The Most Lamentable Tragedy,59,2015,https://consequenceofsound.net/2019/11/top-albums-of-the-2010s/full-post/
Blood Orange,Negro Swan,58,2018,https://consequenceofsound.net/2019/11/top-albums-of-the-2010s/full-post/
St. Vincent,Masseduction,57,2017,https://consequenceofsound.net/2019/11/top-albums-of-the-2010s/full-post/
Frank Ocean,Blonde,56,2016,https://consequenceofsound.net/2019/11/top-albums-of-the-2010s/full-post/
Lucy Dacus,Historian,55,2018,https://consequenceofsound.net/2019/11/top-albums-of-the-2010s/full-post/
Mount Eerie,A Crow Looked at Me,54,2017,https://consequenceofsound.net/2019/11/top-albums-of-the-2010s/full-post/
D'Angelo and the Vanguard,Black Messiah,53,2015,https://consequenceofsound.net/2019/11/top-albums-of-the-2010s/full-post/
Sky Ferreira,"Night Time, My Time",52,2013,https://consequenceofsound.net/2019/11/top-albums-of-the-2010s/full-post/
Jamila Woods,Legacy! Legacy!,51,2019,https://consequenceofsound.net/2019/11/top-albums-of-the-2010s/full-post/
Kanye and Jay-Z,Watch the Throne,50,2011,https://consequenceofsound.net/2019/11/top-albums-of-the-2010s/full-post/
Sharon Van Etten,Remind Me Tomorrow,49,2019,https://consequenceofsound.net/2019/11/top-albums-of-the-2010s/full-post/
Flying Lotus,Cosmogramma,48,2010,https://consequenceofsound.net/2019/11/top-albums-of-the-2010s/full-post/
Daft Punk,Random Access Memories,47,2013,https://consequenceofsound.net/2019/11/top-albums-of-the-2010s/full-post/
Anderson .Paak,Malibu,46,2016,https://consequenceofsound.net/2019/11/top-albums-of-the-2010s/full-post/
Father John Misty,"I Love You, Honeybear",45,2015,https://consequenceofsound.net/2019/11/top-albums-of-the-2010s/full-post/
Disclosure,Settle,44,2013,https://consequenceofsound.net/2019/11/top-albums-of-the-2010s/full-post/
Sufjan Stevens,Carrie & Lowell,43,2015,https://consequenceofsound.net/2019/11/top-albums-of-the-2010s/full-post/
Björk,Vulnicura,42,2015,https://consequenceofsound.net/2019/11/top-albums-of-the-2010s/full-post/
James Blake,James Blake,41,2011,https://consequenceofsound.net/2019/11/top-albums-of-the-2010s/full-post/
Deafheaven,Sunbather,40,2013,https://consequenceofsound.net/2019/11/top-albums-of-the-2010s/full-post/
Beach House,Teen Dream,39,2010,https://consequenceofsound.net/2019/11/top-albums-of-the-2010s/full-post/
Chance the Rapper,Acid Rap,38,2013,https://consequenceofsound.net/2019/11/top-albums-of-the-2010s/full-post/
Lana Del Rey,Ultraviolence,37,2014,https://consequenceofsound.net/2019/11/top-albums-of-the-2010s/full-post/
Kamasi Washington,Heaven and Earth,36,2018,https://consequenceofsound.net/2019/11/top-albums-of-the-2010s/full-post/
Gorillaz,Plastic Beach,35,2010,https://consequenceofsound.net/2019/11/top-albums-of-the-2010s/full-post/
Vince Staples,Big Fish Theory,34,2017,https://consequenceofsound.net/2019/11/top-albums-of-the-2010s/full-post/
Grimes,Art Angels,33,2015,https://consequenceofsound.net/2019/11/top-albums-of-the-2010s/full-post/
Nick Cave and the Bad Seeds,The Skeleton Tree,32,2016,https://consequenceofsound.net/2019/11/top-albums-of-the-2010s/full-post/
LCD Soundsystem,This Is Happening,31,2010,https://consequenceofsound.net/2019/11/top-albums-of-the-2010s/full-post/
Bon Iver,Bon Iver,30,2011,https://consequenceofsound.net/2019/11/top-albums-of-the-2010s/full-post/
Solange,A Seat at the Table,29,2016,https://consequenceofsound.net/2019/11/top-albums-of-the-2010s/full-post/
M83,"Hurry Up, We’re Dreaming",28,2011,https://consequenceofsound.net/2019/11/top-albums-of-the-2010s/full-post/
Arctic Monkeys,AM,27,2013,https://consequenceofsound.net/2019/11/top-albums-of-the-2010s/full-post/
Jamie xx,In Colour,26,2015,https://consequenceofsound.net/2019/11/top-albums-of-the-2010s/full-post/
Kendrick Lamar,DAMN.,25,2017,https://consequenceofsound.net/2019/11/top-albums-of-the-2010s/full-post/
Taylor Swift,1989,24,2014,https://consequenceofsound.net/2019/11/top-albums-of-the-2010s/full-post/
Angel Olsen,My Woman,23,2016,https://consequenceofsound.net/2019/11/top-albums-of-the-2010s/full-post/
Against Me!,Transgender Dysphoria Blues,22,2014,https://consequenceofsound.net/2019/11/top-albums-of-the-2010s/full-post/
The National,High Violet,21,2010,https://consequenceofsound.net/2019/11/top-albums-of-the-2010s/full-post/
SZA,Ctrl,20,2017,https://consequenceofsound.net/2019/11/top-albums-of-the-2010s/full-post/
Adele,21,19,2011,https://consequenceofsound.net/2019/11/top-albums-of-the-2010s/full-post/
Arcade Fire,The Suburbs,18,2010,https://consequenceofsound.net/2019/11/top-albums-of-the-2010s/full-post/
David Bowie,Blackstar,17,2016,https://consequenceofsound.net/2019/11/top-albums-of-the-2010s/full-post/
The War on Drugs,Lost in the Dream,16,2014,https://consequenceofsound.net/2019/11/top-albums-of-the-2010s/full-post/
Billie Eilish,"When We All Fall Asleep, Where Do We Go?",15,2019,https://consequenceofsound.net/2019/11/top-albums-of-the-2010s/full-post/
Janelle Monáe,Dirty Computer,14,2018,https://consequenceofsound.net/2019/11/top-albums-of-the-2010s/full-post/
Tame Impala,Currents,13,2015,https://consequenceofsound.net/2019/11/top-albums-of-the-2010s/full-post/
Kanye West,Yeezus,12,2013,https://consequenceofsound.net/2019/11/top-albums-of-the-2010s/full-post/
Fiona Apple,The Idler Wheel...,11,2012,https://consequenceofsound.net/2019/11/top-albums-of-the-2010s/full-post/
Mitski,Be the Cowboy,10,2018,https://consequenceofsound.net/2019/11/top-albums-of-the-2010s/full-post/
St. Vincent,Strange Mercy,9,2011,https://consequenceofsound.net/2019/11/top-albums-of-the-2010s/full-post/
Kendrick Lamar,"good kid, m.A.A.d city",8,2012,https://consequenceofsound.net/2019/11/top-albums-of-the-2010s/full-post/
Robyn,Body Talk,7,2010,https://consequenceofsound.net/2019/11/top-albums-of-the-2010s/full-post/
Frank Ocean,Channel ORANGE,6,2012,https://consequenceofsound.net/2019/11/top-albums-of-the-2010s/full-post/
Vampire Weekend,Modern Vampires of the City,5,2013,https://consequenceofsound.net/2019/11/top-albums-of-the-2010s/full-post/
Lorde,Melodrama,4,2017,https://consequenceofsound.net/2019/11/top-albums-of-the-2010s/full-post/
Kanye West,My Beautiful Dark Twisted Fantasy,3,2010,https://consequenceofsound.net/2019/11/top-albums-of-the-2010s/full-post/
Kendrick Lamar,To Pimp a Butterfly,2,2015,https://consequenceofsound.net/2019/11/top-albums-of-the-2010s/full-post/
Beyoncé,Lemonade,1,2016,https://consequenceofsound.net/2019/11/top-albums-of-the-2010s/full-post/
Fiona Apple,The Idler Wheel...,10,2012,https://time.com/5725768/best-albums-2010s-decade/
Miguel,Kaleidoscope Dream,10,2012,https://time.com/5725768/best-albums-2010s-decade/
Beauty Pill,Beauty Pill Describes Things As They Are,10,2015,https://time.com/5725768/best-albums-2010s-decade/
Carly Rae Jepsen,E•MO•TION,10,2015,https://time.com/5725768/best-albums-2010s-decade/
Beyoncé,Lemonade,10,2016,https://time.com/5725768/best-albums-2010s-decade/
Leonard Cohen,You Want It Darker,10,2016,https://time.com/5725768/best-albums-2010s-decade/
Miranda Lambert,The Weight of These Wings,10,2016,https://time.com/5725768/best-albums-2010s-decade/
Solange,A Seat at the Table,10,2016,https://time.com/5725768/best-albums-2010s-decade/
Kendrick Lamar,DAMN.,10,2017,https://time.com/5725768/best-albums-2010s-decade/
Ozuna,Aura,10,2018,https://time.com/5725768/best-albums-2010s-decade/
Drake,Take Care,100,2011,https://www.pastemagazine.com/articles/2019/10/best-albums-of-the-2010s-paste.html
Japanese Breakfast,Soft Sounds from Another Planet,99,2017,https://www.pastemagazine.com/articles/2019/10/best-albums-of-the-2010s-paste.html
Nick Cave & The Bad Seeds,Skeleton Tree,98,2016,https://www.pastemagazine.com/articles/2019/10/best-albums-of-the-2010s-paste.html
Deafheaven,Sunbather,97,2013,https://www.pastemagazine.com/articles/2019/10/best-albums-of-the-2010s-paste.html
"Tyler, The Creator",Flower Boy,96,2017,https://www.pastemagazine.com/articles/2019/10/best-albums-of-the-2010s-paste.html
The Black Keys,Brothers,95,2010,https://www.pastemagazine.com/articles/2019/10/best-albums-of-the-2010s-paste.html
Sky Ferreira,"Night Time, My Time",94,2013,https://www.pastemagazine.com/articles/2019/10/best-albums-of-the-2010s-paste.html
Charles Bradley,Victim of Love,93,2013,https://www.pastemagazine.com/articles/2019/10/best-albums-of-the-2010s-paste.html
Travis Scott,ASTROWORLD,92,2018,https://www.pastemagazine.com/articles/2019/10/best-albums-of-the-2010s-paste.html
Lucius,Wildewoman,91,2013,https://www.pastemagazine.com/articles/2019/10/best-albums-of-the-2010s-paste.html
Julien Baker,Turn Out The Lights,90,2017,https://www.pastemagazine.com/articles/2019/10/best-albums-of-the-2010s-paste.html
Savages,Silence Yourself,89,2013,https://www.pastemagazine.com/articles/2019/10/best-albums-of-the-2010s-paste.html
M83,"Hurry Up, We’re Dreaming",88,2011,https://www.pastemagazine.com/articles/2019/10/best-albums-of-the-2010s-paste.html
Hop Along,Painted Shut,87,2015,https://www.pastemagazine.com/articles/2019/10/best-albums-of-the-2010s-paste.html
Grimes,Visions,86,2012,https://www.pastemagazine.com/articles/2019/10/best-albums-of-the-2010s-paste.html
Big Thief,Capacity,85,2017,https://www.pastemagazine.com/articles/2019/10/best-albums-of-the-2010s-paste.html
Tune-Yards,w h o k i l l,84,2011,https://www.pastemagazine.com/articles/2019/10/best-albums-of-the-2010s-paste.html
Soccer Mommy,Clean,83,2018,https://www.pastemagazine.com/articles/2019/10/best-albums-of-the-2010s-paste.html
Kurt Vile,Smoke Ring for My Halo,82,2011,https://www.pastemagazine.com/articles/2019/10/best-albums-of-the-2010s-paste.html
Kaytranada,99.9%,81,2016,https://www.pastemagazine.com/articles/2019/10/best-albums-of-the-2010s-paste.html
James Blake,James Blake,80,2011,https://www.pastemagazine.com/articles/2019/10/best-albums-of-the-2010s-paste.html
St. Paul and the Broken Bones,Half the City,79,2014,https://www.pastemagazine.com/articles/2019/10/best-albums-of-the-2010s-paste.html
Run the Jewels,Run the Jewels 2,78,2014,https://www.pastemagazine.com/articles/2019/10/best-albums-of-the-2010s-paste.html
Joanna Newsom,Have One On Me,77,2010,https://www.pastemagazine.com/articles/2019/10/best-albums-of-the-2010s-paste.html
IDLES,Joy As An Act of Resistance,76,2018,https://www.pastemagazine.com/articles/2019/10/best-albums-of-the-2010s-paste.html
Fiona Apple,The Idler Wheel...,75,2012,https://www.pastemagazine.com/articles/2019/10/best-albums-of-the-2010s-paste.html
Sturgill Simpson,Metamodern Sounds in Country Music,74,2014,https://www.pastemagazine.com/articles/2019/10/best-albums-of-the-2010s-paste.html
Kevin Morby,City Music,73,2017,https://www.pastemagazine.com/articles/2019/10/best-albums-of-the-2010s-paste.html
Frightened Rabbit,The Winter of Mixed Drinks,72,2010,https://www.pastemagazine.com/articles/2019/10/best-albums-of-the-2010s-paste.html
Caribou,Our Love,71,2014,https://www.pastemagazine.com/articles/2019/10/best-albums-of-the-2010s-paste.html
Destroyer,Kaputt,70,2011,https://www.pastemagazine.com/articles/2019/10/best-albums-of-the-2010s-paste.html
Leon Bridges,Coming Home,69,2015,https://www.pastemagazine.com/articles/2019/10/best-albums-of-the-2010s-paste.html
The Decemberists,The King is Dead,68,2011,https://www.pastemagazine.com/articles/2019/10/best-albums-of-the-2010s-paste.html
Cardi B,Invasion of Privacy,67,2018,https://www.pastemagazine.com/articles/2019/10/best-albums-of-the-2010s-paste.html
Girls,"Father, Son, Holy Ghost",66,2011,https://www.pastemagazine.com/articles/2019/10/best-albums-of-the-2010s-paste.html
Future Islands,Singles,65,2014,https://www.pastemagazine.com/articles/2019/10/best-albums-of-the-2010s-paste.html
D'Angelo and the Vanguard,Black Messiah,64,2014,https://www.pastemagazine.com/articles/2019/10/best-albums-of-the-2010s-paste.html
Haim,Days Are Gone,63,2013,https://www.pastemagazine.com/articles/2019/10/best-albums-of-the-2010s-paste.html
FKA twigs,LP1,62,2014,https://www.pastemagazine.com/articles/2019/10/best-albums-of-the-2010s-paste.html
Blood Orange,Cupid Deluxe,61,2013,https://www.pastemagazine.com/articles/2019/10/best-albums-of-the-2010s-paste.html
Lorde,Pure Heroine,60,2013,https://www.pastemagazine.com/articles/2019/10/best-albums-of-the-2010s-paste.html
Iceage,You’re Nothing,59,2013,https://www.pastemagazine.com/articles/2019/10/best-albums-of-the-2010s-paste.html
(Sandy) Alex G,Rocket,58,2017,https://www.pastemagazine.com/articles/2019/10/best-albums-of-the-2010s-paste.html
Noname,Telefone,57,2016,https://www.pastemagazine.com/articles/2019/10/best-albums-of-the-2010s-paste.html
Jamie xx,In Colour,56,2015,https://www.pastemagazine.com/articles/2019/10/best-albums-of-the-2010s-paste.html
Adele,21,55,2011,https://www.pastemagazine.com/articles/2019/10/best-albums-of-the-2010s-paste.html
Whitney,Light Upon the Lake,54,2016,https://www.pastemagazine.com/articles/2019/10/best-albums-of-the-2010s-paste.html
Kendrick Lamar,"good kid, m.A.A.d city",53,2012,https://www.pastemagazine.com/articles/2019/10/best-albums-of-the-2010s-paste.html
Anderson .Paak,Malibu,52,2017,https://www.pastemagazine.com/articles/2019/10/best-albums-of-the-2010s-paste.html
Sleater-Kinney,No Cities to Love,51,2015,https://www.pastemagazine.com/articles/2019/10/best-albums-of-the-2010s-paste.html
Taylor Swift,1989,50,2014,https://www.pastemagazine.com/articles/2019/10/best-albums-of-the-2010s-paste.html
A Tribe Called Quest,We Got It From Here... Thank You 4 Your Service,49,2016,https://www.pastemagazine.com/articles/2019/10/best-albums-of-the-2010s-paste.html
Alabama Shakes,Boys & Girls,48,2012,https://www.pastemagazine.com/articles/2019/10/best-albums-of-the-2010s-paste.html
Vince Staples,Summertime '06,47,2015,https://www.pastemagazine.com/articles/2019/10/best-albums-of-the-2010s-paste.html
Chance the Rapper,Coloring Book,46,2016,https://www.pastemagazine.com/articles/2019/10/best-albums-of-the-2010s-paste.html
Snail Mail,Lush,45,2018,https://www.pastemagazine.com/articles/2019/10/best-albums-of-the-2010s-paste.html
Tame Impala,Lonerism,44,2012,https://www.pastemagazine.com/articles/2019/10/best-albums-of-the-2010s-paste.html
Weyes Blood,Titanic Rising,43,2019,https://www.pastemagazine.com/articles/2019/10/best-albums-of-the-2010s-paste.html
Janelle Monáe,Dirty Computer,42,2018,https://www.pastemagazine.com/articles/2019/10/best-albums-of-the-2010s-paste.html
Japandroids,Celebration Rock,41,2012,https://www.pastemagazine.com/articles/2019/10/best-albums-of-the-2010s-paste.html
Beyoncé,Beyoncé,40,2013,https://www.pastemagazine.com/articles/2019/10/best-albums-of-the-2010s-paste.html
Fleet Foxes,Helplessness Blues,39,2011,https://www.pastemagazine.com/articles/2019/10/best-albums-of-the-2010s-paste.html
Sharon Van Etten,Are We There,38,2014,https://www.pastemagazine.com/articles/2019/10/best-albums-of-the-2010s-paste.html
Car Seat Headrest,Teens of Denial,37,2016,https://www.pastemagazine.com/articles/2019/10/best-albums-of-the-2010s-paste.html
Jay Som,Everybody Works,36,2017,https://www.pastemagazine.com/articles/2019/10/best-albums-of-the-2010s-paste.html
Rihanna,ANTI,35,2016,https://www.pastemagazine.com/articles/2019/10/best-albums-of-the-2010s-paste.html
Phoebe Bridgers,Stranger in the Alps,34,2017,https://www.pastemagazine.com/articles/2019/10/best-albums-of-the-2010s-paste.html
The National,Trouble Will Find Me,33,2013,https://www.pastemagazine.com/articles/2019/10/best-albums-of-the-2010s-paste.html
Daft Punk,Random Access Memories,32,2013,https://www.pastemagazine.com/articles/2019/10/best-albums-of-the-2010s-paste.html
Jason Isbell,Southeastern,31,2013,https://www.pastemagazine.com/articles/2019/10/best-albums-of-the-2010s-paste.html
St. Vincent,St. Vincent,30,2014,https://www.pastemagazine.com/articles/2019/10/best-albums-of-the-2010s-paste.html
Tame Impala,Currents,29,2015,https://www.pastemagazine.com/articles/2019/10/best-albums-of-the-2010s-paste.html
Bon Iver,Bon Iver,28,2011,https://www.pastemagazine.com/articles/2019/10/best-albums-of-the-2010s-paste.html
'Hamilton' Original Broadway Cast Recording,Hamilton,27,2015,https://www.pastemagazine.com/articles/2019/10/best-albums-of-the-2010s-paste.html
Sufjan Stevens,Carrie & Lowell,26,2015,https://www.pastemagazine.com/articles/2019/10/best-albums-of-the-2010s-paste.html
Kanye West,Yeezus,25,2013,https://www.pastemagazine.com/articles/2019/10/best-albums-of-the-2010s-paste.html
The War on Drugs,Lost in the Dream,24,2014,https://www.pastemagazine.com/articles/2019/10/best-albums-of-the-2010s-paste.html
Mitski,Puberty 2,23,2016,https://www.pastemagazine.com/articles/2019/10/best-albums-of-the-2010s-paste.html
Father John Misty,"I Love You, Honeybear",22,2015,https://www.pastemagazine.com/articles/2019/10/best-albums-of-the-2010s-paste.html
Arcade Fire,The Suburbs,21,2010,https://www.pastemagazine.com/articles/2019/10/best-albums-of-the-2010s-paste.html
Lucy Dacus,Historian,20,2018,https://www.pastemagazine.com/articles/2019/10/best-albums-of-the-2010s-paste.html
Alvvays,Antisocialites,19,2017,https://www.pastemagazine.com/articles/2019/10/best-albums-of-the-2010s-paste.html
Robyn,Body Talk,18,2010,https://www.pastemagazine.com/articles/2019/10/best-albums-of-the-2010s-paste.html
Radiohead,A Moon Shaped Pool,17,2016,https://www.pastemagazine.com/articles/2019/10/best-albums-of-the-2010s-paste.html
Beach House,Teen Dream,16,2010,https://www.pastemagazine.com/articles/2019/10/best-albums-of-the-2010s-paste.html
Angel Olsen,My Woman,15,2016,https://www.pastemagazine.com/articles/2019/10/best-albums-of-the-2010s-paste.html
David Bowie,Blackstar,14,2016,https://www.pastemagazine.com/articles/2019/10/best-albums-of-the-2010s-paste.html
Solange,A Seat at the Table,13,2016,https://www.pastemagazine.com/articles/2019/10/best-albums-of-the-2010s-paste.html
Kendrick Lamar,DAMN.,12,2017,https://www.pastemagazine.com/articles/2019/10/best-albums-of-the-2010s-paste.html
Vampire Weekend,Modern Vampires of the City,11,2013,https://www.pastemagazine.com/articles/2019/10/best-albums-of-the-2010s-paste.html
SZA,Ctrl,10,2017,https://www.pastemagazine.com/articles/2019/10/best-albums-of-the-2010s-paste.html
Kacey Musgraves,Golden Hour,9,2018,https://www.pastemagazine.com/articles/2019/10/best-albums-of-the-2010s-paste.html
Carly Rae Jepsen,E•MO•TION,8,2015,https://www.pastemagazine.com/articles/2019/10/best-albums-of-the-2010s-paste.html
Frank Ocean,Blonde,7,2016,https://www.pastemagazine.com/articles/2019/10/best-albums-of-the-2010s-paste.html
Courtney Barnett,"Sometimes I Sit and Think, and Sometimes I Just Sit",6,2015,https://www.pastemagazine.com/articles/2019/10/best-albums-of-the-2010s-paste.html
Frank Ocean,Channel ORANGE,5,2012,https://www.pastemagazine.com/articles/2019/10/best-albums-of-the-2010s-paste.html
Kanye West,My Beautiful Dark Twisted Fantasy,4,2010,https://www.pastemagazine.com/articles/2019/10/best-albums-of-the-2010s-paste.html
LCD Soundsystem,This Is Happening,3,2010,https://www.pastemagazine.com/articles/2019/10/best-albums-of-the-2010s-paste.html
Beyoncé,Lemonade,2,2016,https://www.pastemagazine.com/articles/2019/10/best-albums-of-the-2010s-paste.html
Kendrick Lamar,To Pimp a Butterfly,1,2015,https://www.pastemagazine.com/articles/2019/10/best-albums-of-the-2010s-paste.html
Justin Bieber,Purpose,100,2015,https://genius.com/a/the-genius-communitys-100-best-albums-of-the-2010s
Katy Perry,Teenage Dream,99,2010,https://genius.com/a/the-genius-communitys-100-best-albums-of-the-2010s
Bon Iver,Bon Iver,98,2011,https://genius.com/a/the-genius-communitys-100-best-albums-of-the-2010s
Billie Eilish,"When We All Fall Asleep, Where Do We Go?",97,2019,https://genius.com/a/the-genius-communitys-100-best-albums-of-the-2010s
Schoolboy Q,Oxymoron,96,2014,https://genius.com/a/the-genius-communitys-100-best-albums-of-the-2010s
Ariana Grande,Dangerous Woman,95,2016,https://genius.com/a/the-genius-communitys-100-best-albums-of-the-2010s
Isaiah Rashad,Cilvia Demo,94,2014,https://genius.com/a/the-genius-communitys-100-best-albums-of-the-2010s
alt-j,An Awesome Wave,93,2012,https://genius.com/a/the-genius-communitys-100-best-albums-of-the-2010s
Flying Lotus,Cosmogramma,92,2010,https://genius.com/a/the-genius-communitys-100-best-albums-of-the-2010s
Logic,Under Pressure,91,2014,https://genius.com/a/the-genius-communitys-100-best-albums-of-the-2010s
Noname,Telefone,90,2016,https://genius.com/a/the-genius-communitys-100-best-albums-of-the-2010s
Kali Uchis,Isolation,89,2018,https://genius.com/a/the-genius-communitys-100-best-albums-of-the-2010s
Big Sean,Dark Sky Paradise,88,2015,https://genius.com/a/the-genius-communitys-100-best-albums-of-the-2010s
Mitski,Be the Cowboy,87,2018,https://genius.com/a/the-genius-communitys-100-best-albums-of-the-2010s
Alabama Shakes,Sound & Color,86,2015,https://genius.com/a/the-genius-communitys-100-best-albums-of-the-2010s
Waka Flocka Flame,Flockaveli,85,2010,https://genius.com/a/the-genius-communitys-100-best-albums-of-the-2010s
St. Vincent,MASSEDUCTION,84,2017,https://genius.com/a/the-genius-communitys-100-best-albums-of-the-2010s
Daughters,You Won't Get What You Want,83,2018,https://genius.com/a/the-genius-communitys-100-best-albums-of-the-2010s
Migos,Culture,82,2017,https://genius.com/a/the-genius-communitys-100-best-albums-of-the-2010s
Vince Staples,Big Fish Theory,81,2017,https://genius.com/a/the-genius-communitys-100-best-albums-of-the-2010s
BTS,You Never Walk Alone,80,2017,https://genius.com/a/the-genius-communitys-100-best-albums-of-the-2010s
Nicki Minaj,The Pinkprint,79,2014,https://genius.com/a/the-genius-communitys-100-best-albums-of-the-2010s
Car Seat Headrest,Twin Fantasy (Face to Face),78,2018,https://genius.com/a/the-genius-communitys-100-best-albums-of-the-2010s
Post Malone,Stoney,77,2016,https://genius.com/a/the-genius-communitys-100-best-albums-of-the-2010s
Lupe Fiasco,Tetsuo & Youth,76,2015,https://genius.com/a/the-genius-communitys-100-best-albums-of-the-2010s
BIGBANG,MADE,75,2016,https://genius.com/a/the-genius-communitys-100-best-albums-of-the-2010s
Kids See Ghosts,KIDS SEE GHOSTS,74,2018,https://genius.com/a/the-genius-communitys-100-best-albums-of-the-2010s
Taylor Swift,Red,73,2012,https://genius.com/a/the-genius-communitys-100-best-albums-of-the-2010s
Travis Scott,ASTROWORLD,72,2018,https://genius.com/a/the-genius-communitys-100-best-albums-of-the-2010s
Arcade Fire,The Suburbs,71,2010,https://genius.com/a/the-genius-communitys-100-best-albums-of-the-2010s
Chief Keef,Finally Rich,70,2012,https://genius.com/a/the-genius-communitys-100-best-albums-of-the-2010s
Imagine Dragons,Night Visions,69,2012,https://genius.com/a/the-genius-communitys-100-best-albums-of-the-2010s
Schoolboy Q,Blank Face LP,68,2016,https://genius.com/a/the-genius-communitys-100-best-albums-of-the-2010s
Jamie xx,In Colour,67,2015,https://genius.com/a/the-genius-communitys-100-best-albums-of-the-2010s
Meek Mill,Dreamchasers 2,66,2012,https://genius.com/a/the-genius-communitys-100-best-albums-of-the-2010s
Skepta,Konnichiwa,65,2016,https://genius.com/a/the-genius-communitys-100-best-albums-of-the-2010s
Tame Impala,Currents,64,2015,https://genius.com/a/the-genius-communitys-100-best-albums-of-the-2010s
Rich Gang,Rich Gang: Tha Tour Pt. 1,63,2014,https://genius.com/a/the-genius-communitys-100-best-albums-of-the-2010s
BROCKHAMPTON,SATURATION III,62,2017,https://genius.com/a/the-genius-communitys-100-best-albums-of-the-2010s
Lorde,Melodrama,61,2017,https://genius.com/a/the-genius-communitys-100-best-albums-of-the-2010s
Björk,Vulnicura,60,2015,https://genius.com/a/the-genius-communitys-100-best-albums-of-the-2010s
"Tyler, The Creator",Flower Boy,59,2017,https://genius.com/a/the-genius-communitys-100-best-albums-of-the-2010s
Mac Miller,Watching Movies With The Sound Off,58,2013,https://genius.com/a/the-genius-communitys-100-best-albums-of-the-2010s
Playboi Carti,Die Lit,57,2018,https://genius.com/a/the-genius-communitys-100-best-albums-of-the-2010s
Kid Cudi,Man On the Moon II: The Legend of Mr. Rager,56,2010,https://genius.com/a/the-genius-communitys-100-best-albums-of-the-2010s
Denzel Curry,TA1300,55,2018,https://genius.com/a/the-genius-communitys-100-best-albums-of-the-2010s
ROSALÍA,El Mal Querer,54,2018,https://genius.com/a/the-genius-communitys-100-best-albums-of-the-2010s
Rick Ross,Teflon Don,53,2010,https://genius.com/a/the-genius-communitys-100-best-albums-of-the-2010s
Joey Bada$$,1999,52,2012,https://genius.com/a/the-genius-communitys-100-best-albums-of-the-2010s
Travis Scott,Rodeo,51,2015,https://genius.com/a/the-genius-communitys-100-best-albums-of-the-2010s
Lorde,Pure Heroine,50,2013,https://genius.com/a/the-genius-communitys-100-best-albums-of-the-2010s
Drake,"If You're Reading This, It's Too Late",49,2015,https://genius.com/a/the-genius-communitys-100-best-albums-of-the-2010s
Grimes,Visions,48,2012,https://genius.com/a/the-genius-communitys-100-best-albums-of-the-2010s
Run The Jewels,Run The Jewels 2,47,2014,https://genius.com/a/the-genius-communitys-100-best-albums-of-the-2010s
Disclosure,Settle,46,2013,https://genius.com/a/the-genius-communitys-100-best-albums-of-the-2010s
Freddie Gibbs & Madlib,Piñata,45,2014,https://genius.com/a/the-genius-communitys-100-best-albums-of-the-2010s
YG,My Krazy Life,44,2014,https://genius.com/a/the-genius-communitys-100-best-albums-of-the-2010s
Kanye West,Yeezus,43,2013,https://genius.com/a/the-genius-communitys-100-best-albums-of-the-2010s
Kendrick Lamar,DAMN.,42,2017,https://genius.com/a/the-genius-communitys-100-best-albums-of-the-2010s
Bruno Mars,Doo-Wops & Hooligans,41,2010,https://genius.com/a/the-genius-communitys-100-best-albums-of-the-2010s
Danny Brown,Atrocity Exhibition,40,2016,https://genius.com/a/the-genius-communitys-100-best-albums-of-the-2010s
Tame Impala,Lonerism,39,2012,https://genius.com/a/the-genius-communitys-100-best-albums-of-the-2010s
Kacey Musgraves,Golden Hour,38,2018,https://genius.com/a/the-genius-communitys-100-best-albums-of-the-2010s
J. Cole,2014 Forest Hills Drive,37,2014,https://genius.com/a/the-genius-communitys-100-best-albums-of-the-2010s
Vampire Weekend,Modern Vampires of the City,36,2013,https://genius.com/a/the-genius-communitys-100-best-albums-of-the-2010s
A$AP Rocky,LIVE.LOVE.A$AP,35,2011,https://genius.com/a/the-genius-communitys-100-best-albums-of-the-2010s
Adele,21,34,2011,https://genius.com/a/the-genius-communitys-100-best-albums-of-the-2010s
Rae Sremmurd,SremmLife,33,2015,https://genius.com/a/the-genius-communitys-100-best-albums-of-the-2010s
Drake,Nothing Was the Same,32,2013,https://genius.com/a/the-genius-communitys-100-best-albums-of-the-2010s
Daft Punk,Random Access Memories,31,2013,https://genius.com/a/the-genius-communitys-100-best-albums-of-the-2010s
Carly Rae Jepsen,E•MO•TION,30,2015,https://genius.com/a/the-genius-communitys-100-best-albums-of-the-2010s
Young Thug,Barter 6,29,2015,https://genius.com/a/the-genius-communitys-100-best-albums-of-the-2010s
D'Angelo and the Vanguard,The Black Messiah,28,2014,https://genius.com/a/the-genius-communitys-100-best-albums-of-the-2010s
Death Grips,The Money Store,27,2012,https://genius.com/a/the-genius-communitys-100-best-albums-of-the-2010s
A Tribe Called Quest,We Got It From Here... Thank You 4 Your Service,26,2016,https://genius.com/a/the-genius-communitys-100-best-albums-of-the-2010s
"Tyler, The Creator",IGOR,25,2019,https://genius.com/a/the-genius-communitys-100-best-albums-of-the-2010s
Lana Del Rey,Born to Die,24,2012,https://genius.com/a/the-genius-communitys-100-best-albums-of-the-2010s
Childish Gambino,Because The Internet,23,2013,https://genius.com/a/the-genius-communitys-100-best-albums-of-the-2010s
David Bowie,Blackstar,22,2016,https://genius.com/a/the-genius-communitys-100-best-albums-of-the-2010s
Taylor Swift,1989,21,2014,https://genius.com/a/the-genius-communitys-100-best-albums-of-the-2010s
Danny Brown,XXX,20,2011,https://genius.com/a/the-genius-communitys-100-best-albums-of-the-2010s
Anderson .Paak,Malibu,19,2017,https://genius.com/a/the-genius-communitys-100-best-albums-of-the-2010s
Janelle Monáe,Dirty Computer,18,2018,https://genius.com/a/the-genius-communitys-100-best-albums-of-the-2010s
JAY-Z,4:44,17,2017,https://genius.com/a/the-genius-communitys-100-best-albums-of-the-2010s
Pusha T,DAYTONA,16,2018,https://genius.com/a/the-genius-communitys-100-best-albums-of-the-2010s
The Weeknd,House of Balloons,15,2011,https://genius.com/a/the-genius-communitys-100-best-albums-of-the-2010s
Future,DS2,14,2015,https://genius.com/a/the-genius-communitys-100-best-albums-of-the-2010s
JAY-Z & Kanye West,Watch The Throne,13,2011,https://genius.com/a/the-genius-communitys-100-best-albums-of-the-2010s
Frank Ocean,Channel ORANGE,12,2012,https://genius.com/a/the-genius-communitys-100-best-albums-of-the-2010s
Beyoncé,Beyoncé,11,2013,https://genius.com/a/the-genius-communitys-100-best-albums-of-the-2010s
Kendrick Lamar,"good kid, m.A.A.d city",10,2012,https://genius.com/a/the-genius-communitys-100-best-albums-of-the-2010s
Solange,A Seat at the Table,9,2016,https://genius.com/a/the-genius-communitys-100-best-albums-of-the-2010s
Chance The Rapper,Acid Rap,8,2013,https://genius.com/a/the-genius-communitys-100-best-albums-of-the-2010s
SZA,Ctrl,7,2017,https://genius.com/a/the-genius-communitys-100-best-albums-of-the-2010s
Rihanna,ANTi,6,2016,https://genius.com/a/the-genius-communitys-100-best-albums-of-the-2010s
Drake,Take Care,5,2011,https://genius.com/a/the-genius-communitys-100-best-albums-of-the-2010s
Beyoncé,Lemonade,4,2016,https://genius.com/a/the-genius-communitys-100-best-albums-of-the-2010s
Frank Ocean,Blonde,3,2016,https://genius.com/a/the-genius-communitys-100-best-albums-of-the-2010s
Kendrick Lamar,To Pimp a Butterfly,2,2015,https://genius.com/a/the-genius-communitys-100-best-albums-of-the-2010s
Kanye West,My Beautiful Dark Twisted Fantasy,1,2010,https://genius.com/a/the-genius-communitys-100-best-albums-of-the-2010s
The War on Drugs,A Deeper Understanding,100,2017,https://www.rollingstone.com/music/music-lists/best-albums-2010s-ranked-913997/
Lana Del Rey,Ultraviolence,99,2014,https://www.rollingstone.com/music/music-lists/best-albums-2010s-ranked-913997/
John Prine,The Tree of Forgiveness,98,2018,https://www.rollingstone.com/music/music-lists/best-albums-2010s-ranked-913997/
Rich Gang,Rich Gang: Tha Tour Pt. 1,97,2014,https://www.rollingstone.com/music/music-lists/best-albums-2010s-ranked-913997/
Low Cut Connie,Call Me Sylvia,96,2012,https://www.rollingstone.com/music/music-lists/best-albums-2010s-ranked-913997/
Future,Monster,95,2014,https://www.rollingstone.com/music/music-lists/best-albums-2010s-ranked-913997/
Sheer Mag,Need to Feel Your Love,94,2017,https://www.rollingstone.com/music/music-lists/best-albums-2010s-ranked-913997/
U2,Songs of Innocence,93,2014,https://www.rollingstone.com/music/music-lists/best-albums-2010s-ranked-913997/
Vampire Weekend,Father of the Bride,92,2019,https://www.rollingstone.com/music/music-lists/best-albums-2010s-ranked-913997/
Tierra Whack,Whack World,91,2018,https://www.rollingstone.com/music/music-lists/best-albums-2010s-ranked-913997/
Neil Young and Crazy Horse,Psychedelic Pill,90,2012,https://www.rollingstone.com/music/music-lists/best-albums-2010s-ranked-913997/
Joanna Newsom,Have One On Me,89,2010,https://www.rollingstone.com/music/music-lists/best-albums-2010s-ranked-913997/
Arctic Monkeys,AM,88,2013,https://www.rollingstone.com/music/music-lists/best-albums-2010s-ranked-913997/
Nick Cave and the Bad Seeds,Ghosteen,87,2019,https://www.rollingstone.com/music/music-lists/best-albums-2010s-ranked-913997/
Angel Olsen,My Woman,86,2016,https://www.rollingstone.com/music/music-lists/best-albums-2010s-ranked-913997/
Metallica,Hardwired … to Self-Destruct,85,2016,https://www.rollingstone.com/music/music-lists/best-albums-2010s-ranked-913997/
Jamie XX,In Color,84,2015,https://www.rollingstone.com/music/music-lists/best-albums-2010s-ranked-913997/
Eric Church,Chief,83,2011,https://www.rollingstone.com/music/music-lists/best-albums-2010s-ranked-913997/
Kamasi Washington,The Epic,82,2015,https://www.rollingstone.com/music/music-lists/best-albums-2010s-ranked-913997/
Brandi Carlile,"By the Way, I Forgive You",81,2018,https://www.rollingstone.com/music/music-lists/best-albums-2010s-ranked-913997/
Stephen Malkmus and the Jicks,Mirror Traffic,80,2011,https://www.rollingstone.com/music/music-lists/best-albums-2010s-ranked-913997/
Kesha,Rainbow,79,2017,https://www.rollingstone.com/music/music-lists/best-albums-2010s-ranked-913997/
Soccer Mommy,Clean,78,2018,https://www.rollingstone.com/music/music-lists/best-albums-2010s-ranked-913997/
The Highwomen,The Highwomen,77,2019,https://www.rollingstone.com/music/music-lists/best-albums-2010s-ranked-913997/
Frank Ocean,Nostalgia Ultra,76,2011,https://www.rollingstone.com/music/music-lists/best-albums-2010s-ranked-913997/
Father John Misty,"I Love You, Honeybear",75,2015,https://www.rollingstone.com/music/music-lists/best-albums-2010s-ranked-913997/
Pusha T,Daytona,74,2018,https://www.rollingstone.com/music/music-lists/best-albums-2010s-ranked-913997/
Jenny Lewis,On the Line,73,2019,https://www.rollingstone.com/music/music-lists/best-albums-2010s-ranked-913997/
Jack White,Blunderbuss,72,2012,https://www.rollingstone.com/music/music-lists/best-albums-2010s-ranked-913997/
Grimes,Art Angels,71,2015,https://www.rollingstone.com/music/music-lists/best-albums-2010s-ranked-913997/
Drake,"If You're Reading This, It's Too Late",70,2015,https://www.rollingstone.com/music/music-lists/best-albums-2010s-ranked-913997/
Lizzo,Cuz I Love You,69,2019,https://www.rollingstone.com/music/music-lists/best-albums-2010s-ranked-913997/
Florence + the Machine,"How Big, How Blue, How Beautiful",68,2015,https://www.rollingstone.com/music/music-lists/best-albums-2010s-ranked-913997/
Bad Bunny,X 100Pre,67,2018,https://www.rollingstone.com/music/music-lists/best-albums-2010s-ranked-913997/
Kendrick Lamar,"good kid, m.A.A.d city",66,2012,https://www.rollingstone.com/music/music-lists/best-albums-2010s-ranked-913997/
St. Vincent,St. Vincent,65,2014,https://www.rollingstone.com/music/music-lists/best-albums-2010s-ranked-913997/
Sharon Van Etten,Are We There,64,2014,https://www.rollingstone.com/music/music-lists/best-albums-2010s-ranked-913997/
Janelle Monáe,Dirty Computer,63,2018,https://www.rollingstone.com/music/music-lists/best-albums-2010s-ranked-913997/
Paul McCartney,Egypt Station,62,2018,https://www.rollingstone.com/music/music-lists/best-albums-2010s-ranked-913997/
Waxahatchee,Cerulean Salt,61,2013,https://www.rollingstone.com/music/music-lists/best-albums-2010s-ranked-913997/
Nicki Minaj,The Pinkprint,60,2014,https://www.rollingstone.com/music/music-lists/best-albums-2010s-ranked-913997/
Harry Styles,Harry Styles,59,2017,https://www.rollingstone.com/music/music-lists/best-albums-2010s-ranked-913997/
Miranda Lambert,The Weight of These Wings,58,2016,https://www.rollingstone.com/music/music-lists/best-albums-2010s-ranked-913997/
Alabama Shakes,Boys & Girls,57,2012,https://www.rollingstone.com/music/music-lists/best-albums-2010s-ranked-913997/
Sky Ferreira,"Night Time, My Time",56,2013,https://www.rollingstone.com/music/music-lists/best-albums-2010s-ranked-913997/
Daft Punk,Random Access Memories,55,2013,https://www.rollingstone.com/music/music-lists/best-albums-2010s-ranked-913997/
Japandroids,Celebration Rock,54,2012,https://www.rollingstone.com/music/music-lists/best-albums-2010s-ranked-913997/
Fiona Apple,The Idler Wheel...,53,2012,https://www.rollingstone.com/music/music-lists/best-albums-2010s-ranked-913997/
Khalid,American Teen,52,2017,https://www.rollingstone.com/music/music-lists/best-albums-2010s-ranked-913997/
Arcade Fire,The Suburbs,51,2010,https://www.rollingstone.com/music/music-lists/best-albums-2010s-ranked-913997/
Carly Rae Jepsen,E•MO•TION,50,2015,https://www.rollingstone.com/music/music-lists/best-albums-2010s-ranked-913997/
JAY-Z & Kanye West,Watch the Throne,49,2011,https://www.rollingstone.com/music/music-lists/best-albums-2010s-ranked-913997/
Leonard Cohen,You Want It Darker,48,2016,https://www.rollingstone.com/music/music-lists/best-albums-2010s-ranked-913997/
Bon Iver,"22, A Million",47,2016,https://www.rollingstone.com/music/music-lists/best-albums-2010s-ranked-913997/
Bruce Springsteen,Wrecking Ball,46,2012,https://www.rollingstone.com/music/music-lists/best-albums-2010s-ranked-913997/
'Hamilton' Original Broadway Cast Recording,Hamilton,45,2015,https://www.rollingstone.com/music/music-lists/best-albums-2010s-ranked-913997/
Haim,Days Are Gone,44,2013,https://www.rollingstone.com/music/music-lists/best-albums-2010s-ranked-913997/
Bob Dylan,Tempest,43,2012,https://www.rollingstone.com/music/music-lists/best-albums-2010s-ranked-913997/
Miranda Lambert,Platinum,42,2014,https://www.rollingstone.com/music/music-lists/best-albums-2010s-ranked-913997/
Sturgill Simpson,A Sailor’s Guide to Earth,41,2016,https://www.rollingstone.com/music/music-lists/best-albums-2010s-ranked-913997/
SZA,CTRL,40,2017,https://www.rollingstone.com/music/music-lists/best-albums-2010s-ranked-913997/
Rosalía,El Mal Querer,39,2018,https://www.rollingstone.com/music/music-lists/best-albums-2010s-ranked-913997/
Chance the Rapper,Coloring Book,38,2016,https://www.rollingstone.com/music/music-lists/best-albums-2010s-ranked-913997/
Frank Ocean,Channel ORANGE,37,2012,https://www.rollingstone.com/music/music-lists/best-albums-2010s-ranked-913997/
Randy Newman,Dark Matter,36,2017,https://www.rollingstone.com/music/music-lists/best-albums-2010s-ranked-913997/
D'Angelo and the Vanguard,Black Messiah,35,2014,https://www.rollingstone.com/music/music-lists/best-albums-2010s-ranked-913997/
Cardi B,Invasion of Privacy,34,2018,https://www.rollingstone.com/music/music-lists/best-albums-2010s-ranked-913997/
Mitski,Be the Cowboy,33,2018,https://www.rollingstone.com/music/music-lists/best-albums-2010s-ranked-913997/
Lana Del Rey,Norman Fucking Rockwell!,32,2019,https://www.rollingstone.com/music/music-lists/best-albums-2010s-ranked-913997/
Billie Eilish,"When We All Fall Asleep, Where Do We Go?",31,2019,https://www.rollingstone.com/music/music-lists/best-albums-2010s-ranked-913997/
Ariana Grande,"thank u, next",30,2019,https://www.rollingstone.com/music/music-lists/best-albums-2010s-ranked-913997/
Car Seat Headrest,Teens of Denial,29,2016,https://www.rollingstone.com/music/music-lists/best-albums-2010s-ranked-913997/
Jason Isbell,Southeastern,28,2013,https://www.rollingstone.com/music/music-lists/best-albums-2010s-ranked-913997/
Kendrick Lamar,DAMN.,27,2017,https://www.rollingstone.com/music/music-lists/best-albums-2010s-ranked-913997/
Beyoncé,Beyoncé,26,2013,https://www.rollingstone.com/music/music-lists/best-albums-2010s-ranked-913997/
Rihanna,Anti,25,2016,https://www.rollingstone.com/music/music-lists/best-albums-2010s-ranked-913997/
Vampire Weekend,Modern Vampires of the City,24,2013,https://www.rollingstone.com/music/music-lists/best-albums-2010s-ranked-913997/
Robyn,Body Talk,23,2010,https://www.rollingstone.com/music/music-lists/best-albums-2010s-ranked-913997/
Radiohead,A Moon Shaped Pool,22,2016,https://www.rollingstone.com/music/music-lists/best-albums-2010s-ranked-913997/
Courtney Barnett,"Sometimes I Sit and Think, and Sometimes I Just Sit",21,2015,https://www.rollingstone.com/music/music-lists/best-albums-2010s-ranked-913997/
Solange,A Seat at the Table,20,2016,https://www.rollingstone.com/music/music-lists/best-albums-2010s-ranked-913997/
Taylor Swift,1989,19,2014,https://www.rollingstone.com/music/music-lists/best-albums-2010s-ranked-913997/
Paul Simon,So Beautiful or So What,18,2011,https://www.rollingstone.com/music/music-lists/best-albums-2010s-ranked-913997/
Chance the Rapper,Acid Rap,17,2013,https://www.rollingstone.com/music/music-lists/best-albums-2010s-ranked-913997/
Parquet Courts,Light Up Gold,16,2012,https://www.rollingstone.com/music/music-lists/best-albums-2010s-ranked-913997/
J Balvin,Vibras,15,2017,https://www.rollingstone.com/music/music-lists/best-albums-2010s-ranked-913997/
The Black Keys,Brothers,14,2010,https://www.rollingstone.com/music/music-lists/best-albums-2010s-ranked-913997/
Kanye West,Yeezus,13,2013,https://www.rollingstone.com/music/music-lists/best-albums-2010s-ranked-913997/
Frank Ocean,Blonde,12,2016,https://www.rollingstone.com/music/music-lists/best-albums-2010s-ranked-913997/
Kacey Musgraves,Golden Hour,11,2018,https://www.rollingstone.com/music/music-lists/best-albums-2010s-ranked-913997/
LCD Soundsystem,This Is Happening,10,2010,https://www.rollingstone.com/music/music-lists/best-albums-2010s-ranked-913997/
Pistol Annies,Interstate Gospel,9,2018,https://www.rollingstone.com/music/music-lists/best-albums-2010s-ranked-913997/
Adele,21,8,2011,https://www.rollingstone.com/music/music-lists/best-albums-2010s-ranked-913997/
Lorde,Melodrama,7,2017,https://www.rollingstone.com/music/music-lists/best-albums-2010s-ranked-913997/
Drake,Take Care,6,2011,https://www.rollingstone.com/music/music-lists/best-albums-2010s-ranked-913997/
David Bowie,Blackstar,5,2016,https://www.rollingstone.com/music/music-lists/best-albums-2010s-ranked-913997/
Taylor Swift,Red,4,2012,https://www.rollingstone.com/music/music-lists/best-albums-2010s-ranked-913997/
Kendrick Lamar,To Pimp a Butterfly,3,2015,https://www.rollingstone.com/music/music-lists/best-albums-2010s-ranked-913997/
Beyoncé,Lemonade,2,2016,https://www.rollingstone.com/music/music-lists/best-albums-2010s-ranked-913997/
Kanye West,My Beautiful Dark Twisted Fantasy,1,2010,https://www.rollingstone.com/music/music-lists/best-albums-2010s-ranked-913997/
